,발생년,주야,요일,사망자수,사상자수,중상자수,경상자수,부상신고자수,발생지시도,발생지시군구,사고유형_대분류,사고유형,법규위반_대분류,법규위반,도로형태_대분류,도로형태,가해자_당사자종별_대분류,가해자_당사자종별,피해자_당사자종별_대분류,피해자_당사자종별,발생위치X_UTMK,발생위치Y_UTMK,lon,lat,월,시,분
26,2015,야,일,1,1,0,0,0,서울,관악구,차대사람,보도통행중,운전자법규위반,안전운전 의무 불이행,단일로,기타단일로,승합차,대형,보행자,보행자,951585.0,1942458.0,126.9524051,37.48008785,1,0,3
72,2015,야,화,1,1,0,0,0,서울,영등포구,차대사람,보도통행중,운전자법규위반,안전운전 의무 불이행,단일로,횡단보도상,승용차,중형,보행자,보행자,947727.0,1944613.0,126.9086183,37.49930101,1,21,8
85,2015,야,수,1,1,0,0,0,서울,서초구,차대사람,보도통행중,운전자법규위반,보행자 보호의무 위반,교차로,교차로부근,승합차,대형,보행자,보행자,954246.0,1943066.0,126.9824632,37.4857036,1,21,40
102,2015,야,금,1,1,0,0,0,서울,중구,차대사람,보도통행중,운전자법규위반,안전운전 의무 불이행,교차로,교차로내,승용차,중형,보행자,보행자,955475.0,1951772.0,126.9958365,37.56423328,1,20,40
107,2015,야,토,1,1,0,0,0,서울,송파구,차대사람,보도통행중,운전자법규위반,안전운전 의무 불이행,교차로,교차로내,승용차,대형,보행자,보행자,964672.0,1946089.0,127.10024650000001,37.51340898,1,2,45
108,2015,야,토,1,1,0,0,0,서울,구로구,차대사람,보도통행중,운전자법규위반,과속,교차로,교차로부근,승용차,중형,보행자,보행자,945002.0,1945228.0,126.87774509999998,37.50468574,1,3,52
113,2015,야,토,1,1,0,0,0,서울,성동구,차대사람,보도통행중,운전자법규위반,안전운전 의무 불이행,단일로,기타단일로,승용차,중형,보행자,보행자,958885.0,1949153.0,127.034594,37.54078605,1,21,50
154,2015,야,수,1,1,0,0,0,서울,강동구,차대차,측면충돌,운전자법규위반,차로위반(진로변경 위반),교차로,교차로부근,원동기장치자전거,원동기장치자전거,화물차,중형,967180.0,1947241.0,127.12857369999999,37.52388511,1,4,35
172,2015,야,목,1,1,0,0,0,서울,서대문구,차대사람,보도통행중,운전자법규위반,안전운전 의무 불이행,단일로,횡단보도부근,승합차,중형,보행자,보행자,949255.0,1952045.0,126.9253906,37.56637211,1,20,3
181,2015,주,금,1,1,0,0,0,서울,영등포구,차대차,측면충돌,운전자법규위반,안전거리 미확보,단일로,횡단보도상,이륜차,소형,화물차,소형,947827.0,1946786.0,126.90959540000001,37.51889229,1,14,38
190,2015,야,토,1,1,0,0,0,서울,서초구,차대사람,보도통행중,운전자법규위반,과속,단일로,기타단일로,승용차,대형,보행자,보행자,955683.0,1942390.0,126.99875759999999,37.47968066,1,1,42
201,2015,주,토,1,1,0,0,0,서울,금천구,차대사람,보도통행중,운전자법규위반,안전운전 의무 불이행,단일로,기타단일로,화물차,소형,보행자,보행자,945793.0,1939876.0,126.88708829999999,37.45649401,1,17,0
219,2015,주,월,1,1,0,0,0,서울,은평구,차대사람,보도통행중,운전자법규위반,신호위반,단일로,횡단보도상,특수차,중형,보행자,보행자,948843.0,1955948.0,126.92045290000002,37.60152734,1,10,10
228,2015,야,월,1,1,0,0,0,서울,강북구,차대사람,보도통행중,운전자법규위반,안전운전 의무 불이행,교차로,교차로부근,승용차,중형,보행자,보행자,957733.0,1957897.0,127.0210496,37.61954561,1,23,56
230,2015,야,화,1,1,0,0,0,서울,강동구,차대사람,보도통행중,운전자법규위반,안전운전 의무 불이행,단일로,기타단일로,승용차,경형,보행자,보행자,968431.0,1948370.0,127.14268249999999,37.53410497,1,4,0
232,2015,주,화,1,1,0,0,0,서울,금천구,차대사람,보도통행중,운전자법규위반,안전운전 의무 불이행,단일로,횡단보도상,화물차,소형,보행자,보행자,947402.0,1940054.0,126.90526740000001,37.45819131,1,6,50
258,2015,주,목,1,1,0,0,0,서울,강남구,차대사람,보도통행중,운전자법규위반,안전운전 의무 불이행,단일로,기타단일로,승용차,중형,보행자,보행자,964847.1,1943139.7,127.10236880000001,37.48683231,1,6,35
326,2015,주,수,1,1,0,0,0,서울,성북구,차대사람,보도통행중,운전자법규위반,안전운전 의무 불이행,단일로,기타단일로,승합차,중형,보행자,보행자,960893.0,1957549.0,127.05687490000001,37.61654891,1,16,15
364,2015,야,토,1,1,0,0,0,서울,금천구,차대사람,보도통행중,운전자법규위반,안전운전 의무 불이행,단일로,기타단일로,승용차,소형,보행자,보행자,947245.0,1941891.0,126.90336070000001,37.47473967,1,23,10
368,2015,주,일,1,1,0,0,0,서울,노원구,차대사람,보도통행중,운전자법규위반,안전운전 의무 불이행,교차로,교차로내,승용차,중형,보행자,보행자,962170.0,1959878.0,127.07122379999998,37.63759415,2,9,12
399,2015,주,수,1,1,0,0,0,서울,관악구,차대사람,보도통행중,운전자법규위반,안전운전 의무 불이행,단일로,기타단일로,승용차,중형,보행자,보행자,949633.0,1943377.0,126.9302652,37.48826664,2,17,35
409,2015,야,목,1,1,0,0,0,서울,강남구,차대사람,보도통행중,운전자법규위반,안전운전 의무 불이행,단일로,횡단보도부근,승용차,중형,보행자,보행자,957448.0,1946854.0,127.0184615,37.51999925,2,20,55
423,2015,야,토,1,1,0,0,0,서울,영등포구,차대차,측면충돌,운전자법규위반,안전운전 의무 불이행,교차로,교차로부근,자전거,자전거,화물차,소형,948447.0,1946627.0,126.9166223,37.51749406,2,4,0
439,2015,주,일,1,1,0,0,0,서울,강남구,차대차,측면충돌,운전자법규위반,안전운전 의무 불이행,교차로,교차로내,승용차,중형,자전거,자전거,960164.2,1943353.6,127.0493881,37.48857013,2,6,30
449,2015,주,월,1,1,0,0,0,서울,은평구,차대사람,보도통행중,운전자법규위반,안전운전 의무 불이행,교차로,교차로내,승용차,중형,보행자,보행자,948120.0,1954302.0,126.91237920000002,37.58665136,2,7,5
461,2015,야,화,1,1,0,0,0,서울,구로구,차대사람,보도통행중,운전자법규위반,안전운전 의무 불이행,단일로,기타단일로,화물차,중형,보행자,보행자,943096.0,1943262.0,126.85633370000001,37.48685041,2,4,15
510,2015,야,금,1,2,0,1,0,서울,동대문구,차대사람,보도통행중,운전자법규위반,안전운전 의무 불이행,교차로,교차로내,이륜차,중형,보행자,보행자,960559.0,1952873.0,127.0533424,37.57438870000001,2,20,35
519,2015,야,일,1,2,1,0,0,서울,도봉구,차대사람,보도통행중,운전자법규위반,안전운전 의무 불이행,단일로,횡단보도상,이륜차,소형,보행자,보행자,958948.0,1961091.0,127.0346376,37.64838873,2,0,19
551,2015,주,수,1,1,0,0,0,서울,영등포구,차대사람,보도통행중,운전자법규위반,보행자 보호의무 위반,교차로,교차로내,화물차,중형,보행자,보행자,945692.0,1947107.0,126.8854126,37.52166227,2,8,23
556,2015,야,수,1,1,0,0,0,서울,영등포구,차대사람,보도통행중,운전자법규위반,안전운전 의무 불이행,단일로,기타단일로,승용차,소형,보행자,보행자,947797.0,1945342.0,126.9093585,37.50587558,2,19,34
579,2015,주,토,1,1,0,0,0,서울,서대문구,차대사람,보도통행중,운전자법규위반,안전운전 의무 불이행,단일로,기타단일로,승합차,대형,보행자,보행자,952806.0,1952084.0,126.96559599999999,37.56691247,2,6,38
600,2015,야,월,1,1,0,0,0,서울,은평구,차대사람,보도통행중,운전자법규위반,안전운전 의무 불이행,단일로,기타단일로,승용차,중형,보행자,보행자,948170.0,1954470.0,126.91293359999999,37.58816838,2,21,10
645,2015,주,토,1,1,0,0,0,서울,강북구,차대사람,보도통행중,운전자법규위반,신호위반,교차로,교차로부근,승용차,중형,보행자,보행자,956977.0,1958510.0,127.01244720000001,37.62503559,2,15,35
657,2015,야,월,1,1,0,0,0,서울,용산구,차대사람,보도통행중,운전자법규위반,과속,단일로,횡단보도부근,승용차,중형,보행자,보행자,953168.0,1950111.0,126.969821,37.54914793,3,0,30
664,2015,주,월,1,1,0,0,0,서울,송파구,차대사람,보도통행중,운전자법규위반,보행자 보호의무 위반,교차로,교차로내,승용차,중형,보행자,보행자,966955.0,1944512.0,127.12615009999999,37.49927935,3,10,30
732,2015,야,일,1,1,0,0,0,서울,강남구,차대사람,보도통행중,운전자법규위반,과속,단일로,기타단일로,승용차,중형,보행자,보행자,958752.3,1947540.0,127.03318259999999,37.52624165,3,1,47
875,2015,야,금,1,1,0,0,0,서울,강남구,차대사람,보도통행중,운전자법규위반,중앙선 침범,교차로,교차로부근,승용차,소형,보행자,보행자,960540.3,1942490.4,127.0536886,37.4808059,3,4,0
896,2015,야,일,1,1,0,0,0,서울,강북구,차대차,측면충돌,운전자법규위반,안전운전 의무 불이행,단일로,기타단일로,승용차,중형,원동기장치자전거,원동기장치자전거,958243.0,1957662.0,127.02684199999999,37.61745083,3,1,0
906,2015,야,월,1,2,1,0,0,서울,강북구,차대차,측면충돌,운전자법규위반,신호위반,교차로,교차로내,원동기장치자전거,원동기장치자전거,승용차,중형,958389.0,1959614.0,127.02838510000001,37.63505115,3,3,34
907,2015,주,월,1,1,0,0,0,서울,성동구,차대차,측면충돌,운전자법규위반,안전운전 의무 불이행,단일로,기타단일로,화물차,소형,자전거,자전거,960726.0,1949575.0,127.05541029999999,37.54466997,3,6,35
937,2015,야,목,1,1,0,0,0,서울,강남구,차대사람,보도통행중,운전자법규위반,신호위반,단일로,기타단일로,승용차,중형,보행자,보행자,960468.0,1946182.0,127.05267240000002,37.51407665,3,4,30
944,2015,야,목,1,1,0,0,0,서울,강서구,차대사람,보도통행중,운전자법규위반,안전운전 의무 불이행,단일로,기타단일로,승합차,대형,보행자,보행자,944232.0,1950137.0,126.86866090000002,37.54888472,3,18,16
948,2015,야,금,1,1,0,0,0,서울,송파구,차대사람,보도통행중,운전자법규위반,안전운전 의무 불이행,교차로,교차로부근,승합차,대형,보행자,보행자,964723.2,1946095.1,127.10082549999998,37.51346592,3,4,54
959,2015,야,토,1,1,0,0,0,서울,마포구,차대사람,보도통행중,운전자법규위반,안전운전 의무 불이행,단일로,횡단보도부근,화물차,중형,보행자,보행자,950056.0,1950645.0,126.93455559999998,37.55379751,3,1,34
1028,2015,야,수,1,1,0,0,0,서울,구로구,차대사람,보도통행중,운전자법규위반,안전거리 미확보,교차로,교차로부근,승합차,대형,보행자,보행자,943088.2,1943358.1,126.8562381,37.48771609,4,21,41
1049,2015,야,토,1,1,0,0,0,서울,동대문구,차대차,측면충돌,운전자법규위반,신호위반,교차로,교차로내,승용차,대형,이륜차,중형,960938.0,1953047.0,127.0576251,37.57597318,4,4,44
1079,2015,주,화,1,1,0,0,0,서울,동대문구,차대차,측면충돌,운전자법규위반,안전운전 의무 불이행,기타/불명,기타/불명,승용차,중형,자전거,자전거,960896.0,1953184.0,127.0571422,37.57720621,4,10,50
1103,2015,주,목,1,1,0,0,0,서울,은평구,차대차,측면충돌,운전자법규위반,안전운전 의무 불이행,단일로,기타단일로,건설기계,건설기계,이륜차,소형,950193.0,1955833.0,126.93575390000001,37.60056495,4,8,20
1120,2015,야,토,1,2,0,1,0,서울,은평구,차대사람,보도통행중,운전자법규위반,안전운전 의무 불이행,단일로,기타단일로,승용차,중형,보행자,보행자,948399.0,1956375.0,126.915393,37.6053511,4,4,18
1163,2015,주,화,1,1,0,0,0,서울,강남구,차대사람,보도통행중,운전자법규위반,안전운전 의무 불이행,단일로,기타단일로,승용차,중형,보행자,보행자,964514.0,1943515.0,127.09858290000001,37.49020232,4,13,25
1190,2015,야,금,1,1,0,0,0,서울,영등포구,차대사람,보도통행중,운전자법규위반,보행자 보호의무 위반,단일로,횡단보도상,승용차,중형,보행자,보행자,947360.0,1944953.0,126.9044422,37.50234463,4,5,35
1203,2015,야,토,1,3,1,1,0,서울,도봉구,차대차,측면충돌,운전자법규위반,신호위반,교차로,교차로내,이륜차,중형,승용차,중형,959770.0,1961416.0,127.0439375,37.6513544,4,4,0
1235,2015,주,월,1,1,0,0,0,서울,서대문구,차대사람,보도통행중,운전자법규위반,안전운전 의무 불이행,단일로,기타단일로,승합차,대형,보행자,보행자,950716.0,1954760.0,126.9417508,37.59092208,4,13,23
1237,2015,주,월,1,1,0,0,0,서울,광진구,차대차,측면충돌,운전자법규위반,안전거리 미확보,단일로,기타단일로,승합차,경형,원동기장치자전거,원동기장치자전거,962615.0,1951818.0,127.07667920000002,37.56496546,4,15,25
1272,2015,야,금,1,3,0,2,0,서울,송파구,차대차,측면충돌,운전자법규위반,신호위반,교차로,교차로내,이륜차,중형,승용차,중형,967651.0,1944404.0,127.1340288,37.49833055,4,1,26
1289,2015,야,토,1,1,0,0,0,서울,양천구,차대사람,보도통행중,운전자법규위반,보행자 보호의무 위반,단일로,횡단보도부근,승용차,중형,보행자,보행자,945175.0,1949906.0,126.8793531,37.5468593,4,20,29
1410,2015,야,수,1,1,0,0,0,서울,성북구,차대차,측면충돌,운전자법규위반,신호위반,교차로,교차로내,이륜차,소형,자전거,자전거,955948.0,1956615.0,127.0009008,37.60790692,5,19,45
1428,2015,야,목,1,1,0,0,0,서울,용산구,차대사람,보도통행중,운전자법규위반,안전운전 의무 불이행,교차로,교차로부근,건설기계,건설기계,보행자,보행자,952976.4,1947971.6,126.96778909999998,37.529855299999994,5,20,0
1429,2015,주,금,1,1,0,0,0,서울,성북구,차대차,측면충돌,운전자법규위반,안전거리 미확보,단일로,기타단일로,원동기장치자전거,원동기장치자전거,승용차,중형,958978.0,1955332.0,127.03530079999999,37.59648316,5,8,20
1443,2015,주,토,1,1,0,0,0,서울,강서구,차대사람,보도통행중,운전자법규위반,보행자 보호의무 위반,교차로,교차로부근,승용차,중형,보행자,보행자,942027.0,1951298.0,126.84360819999999,37.5592127,5,15,30
1478,2015,야,화,1,1,0,0,0,서울,금천구,차대사람,보도통행중,운전자법규위반,안전운전 의무 불이행,단일로,기타단일로,승용차,중형,보행자,보행자,947188.0,1937481.0,126.9030321,37.434988,5,23,6
1513,2015,야,토,1,1,0,0,0,서울,광진구,차대사람,보도통행중,운전자법규위반,보행자 보호의무 위반,교차로,교차로부근,승용차,중형,보행자,보행자,963521.0,1951636.0,127.0869469,37.56336137,5,2,40
1574,2015,야,수,1,1,0,0,0,서울,성북구,차대사람,보도통행중,운전자법규위반,안전운전 의무 불이행,단일로,기타단일로,승합차,대형,보행자,보행자,957827.7,1955985.2,127.02223300000001,37.60231856,5,20,9
1578,2015,야,목,1,1,0,0,0,서울,서대문구,차대사람,보도통행중,운전자법규위반,보행자 보호의무 위반,교차로,교차로내,화물차,중형,보행자,보행자,948200.0,1953838.0,126.91331809999998,37.58247381,5,4,35
1584,2015,주,목,1,1,0,0,0,서울,송파구,차대사람,보도통행중,운전자법규위반,안전운전 의무 불이행,단일로,횡단보도상,승합차,대형,보행자,보행자,966098.0,1944032.0,127.11647690000001,37.49492181,5,10,14
1585,2015,주,목,1,1,0,0,0,서울,구로구,차대차,측면충돌,운전자법규위반,안전운전 의무 불이행,단일로,횡단보도상,자전거,자전거,승용차,중형,945993.0,1944967.0,126.888976,37.50239183,5,12,50
1598,2015,주,금,1,1,0,0,0,서울,성북구,차대사람,보도통행중,운전자법규위반,안전운전 의무 불이행,단일로,기타단일로,승합차,대형,보행자,보행자,957066.0,1957004.0,127.0135442,37.61146594,5,13,15
1617,2015,야,일,1,2,0,1,0,서울,노원구,차대차,측면충돌,운전자법규위반,중앙선 침범,교차로,교차로내,승합차,대형,이륜차,대형,960516.0,1958611.0,127.0525459,37.62610482,5,1,10
1654,2015,야,화,1,2,0,1,0,서울,동작구,차대차,측면충돌,운전자법규위반,신호위반,교차로,교차로내,이륜차,중형,이륜차,소형,950892.0,1945244.0,126.9443813,37.50516219,5,22,30
1674,2015,주,목,1,1,0,0,0,서울,성북구,차대사람,보도통행중,운전자법규위반,안전운전 의무 불이행,단일로,기타단일로,화물차,중형,보행자,보행자,957066.0,1955976.0,127.0136045,37.60220039,5,6,45
1711,2015,주,일,1,1,0,0,0,서울,강동구,차대사람,보도통행중,운전자법규위반,보행자 보호의무 위반,교차로,교차로부근,승합차,대형,보행자,보행자,966935.0,1949629.0,127.12569350000001,37.54540041,5,8,23
1761,2015,주,목,1,1,0,0,0,서울,양천구,차대차,측면충돌,운전자법규위반,직진 및 우회전차의 통행방해,교차로,교차로내,자전거,자전거,화물차,중형,944267.0,1948781.0,126.8691601,37.53666514,6,17,0
1784,2015,야,토,1,1,0,0,0,서울,광진구,차대사람,보도통행중,운전자법규위반,안전운전 의무 불이행,단일로,기타단일로,승용차,중형,보행자,보행자,961760.0,1948568.0,127.06716750000001,37.53563702,6,3,45
1788,2015,주,토,1,2,1,0,0,서울,중랑구,차대차,측면충돌,운전자법규위반,신호위반,교차로,교차로내,이륜차,소형,이륜차,소형,964355.0,1956848.0,127.0961364,37.6103714,6,15,43
1791,2015,야,일,1,1,0,0,0,서울,도봉구,차대사람,보도통행중,운전자법규위반,안전운전 의무 불이행,단일로,기타단일로,승용차,중형,보행자,보행자,959389.0,1961443.0,127.03961699999999,37.65158097,6,2,30
1842,2015,야,목,1,1,0,0,0,서울,송파구,차대사람,보도통행중,운전자법규위반,과속,단일로,횡단보도상,승용차,중형,보행자,보행자,966624.0,1946172.0,127.1223301,37.51422979,6,4,5
1856,2015,야,금,1,1,0,0,0,서울,영등포구,차대사람,보도통행중,운전자법규위반,안전운전 의무 불이행,교차로,교차로부근,승용차,중형,보행자,보행자,946763.0,1943328.0,126.8978058,37.48766398,6,4,38
1891,2015,주,월,1,1,0,0,0,서울,중랑구,차대사람,보도통행중,운전자법규위반,안전운전 의무 불이행,단일로,기타단일로,화물차,소형,보행자,보행자,964086.0,1955088.0,127.0931751,37.59449755,6,13,30
1913,2015,주,수,1,2,1,0,0,서울,은평구,차대차,측면충돌,운전자법규위반,차로위반(진로변경 위반),단일로,기타단일로,이륜차,소형,승합차,대형,945828.0,1954435.0,126.8864103,37.58771801,6,10,25
1939,2015,주,금,1,1,0,0,0,서울,용산구,차대차,측면충돌,운전자법규위반,신호위반,교차로,교차로내,자전거,자전거,승용차,중형,953359.0,1949578.0,126.97201709999999,37.54435358,6,11,0
2024,2015,야,목,1,1,0,0,0,서울,강동구,차대사람,보도통행중,운전자법규위반,안전운전 의무 불이행,단일로,기타단일로,승합차,대형,보행자,보행자,970834.0,1949615.0,127.16983130000001,37.54540588,6,22,15
2073,2015,야,월,1,2,1,0,0,서울,은평구,차대차,측면충돌,운전자법규위반,신호위반,교차로,교차로내,이륜차,소형,화물차,소형,945884.0,1954363.0,126.88704990000001,37.58707236,6,4,35
2083,2015,야,월,1,1,0,0,0,서울,송파구,차대사람,보도통행중,운전자법규위반,안전운전 의무 불이행,단일로,횡단보도상,승합차,대형,보행자,보행자,966622.0,1943040.0,127.12244960000001,37.48599953,6,23,50
2164,2015,야,화,1,1,0,0,0,서울,성북구,차대차,측면충돌,운전자법규위반,중앙선 침범,단일로,기타단일로,불명,불명,승용차,중형,956245.0,1954374.0,127.0043996,37.58772257,7,0,2
2176,2015,야,화,1,1,0,0,0,서울,은평구,차대사람,보도통행중,운전자법규위반,안전운전 의무 불이행,단일로,기타단일로,승용차,중형,보행자,보행자,947349.9,1953583.2,126.9037088,37.58012904,7,23,45
2198,2015,야,금,1,2,0,1,0,서울,용산구,차대차,측면충돌,운전자법규위반,기타(운전자법규위반),단일로,기타단일로,이륜차,중형,화물차,중형,952600.0,1947400.0,126.96356609999998,37.52468406,7,3,40
2207,2015,주,금,1,1,0,0,0,서울,종로구,차대사람,보도통행중,운전자법규위반,안전운전 의무 불이행,단일로,횡단보도상,승합차,대형,보행자,보행자,953771.0,1952704.0,126.9764837,37.5725496,7,9,10
2229,2015,야,일,1,1,0,0,0,서울,성동구,차대사람,보도통행중,운전자법규위반,안전운전 의무 불이행,단일로,기타단일로,승용차,중형,보행자,보행자,958573.0,1951701.0,127.0309185,37.56373793,7,5,8
2231,2015,주,월,1,1,0,0,0,서울,서초구,차대차,측면충돌,운전자법규위반,직진 및 우회전차의 통행방해,교차로,교차로내,이륜차,중형,화물차,중형,954755.0,1943672.0,126.9881832,37.49119076,7,8,40
2313,2015,야,월,1,1,0,0,0,서울,종로구,차대사람,보도통행중,운전자법규위반,안전운전 의무 불이행,단일로,횡단보도상,이륜차,중형,보행자,보행자,954914.0,1952442.0,126.9894432,37.57024484,7,21,40
2318,2015,야,화,1,1,0,0,0,서울,영등포구,차대사람,보도통행중,운전자법규위반,신호위반,단일로,기타단일로,승용차,중형,보행자,보행자,946688.0,1948510.0,126.89658159999999,37.53436579,7,3,15
2335,2015,주,수,1,1,0,0,0,서울,광진구,차대차,측면충돌,운전자법규위반,안전운전 의무 불이행,교차로,교차로내,승용차,중형,자전거,자전거,962642.0,1951071.0,127.077023,37.5582336,7,16,15
2354,2015,야,금,1,1,0,0,0,서울,중랑구,차대사람,보도통행중,운전자법규위반,안전운전 의무 불이행,단일로,횡단보도상,승용차,중형,보행자,보행자,962707.0,1957062.0,127.0774538,37.61223486,7,1,10
2371,2015,야,토,1,1,0,0,0,서울,광진구,차대사람,보도통행중,운전자법규위반,안전운전 의무 불이행,단일로,횡단보도부근,승용차,소형,보행자,보행자,963155.0,1951778.0,127.08279569999999,37.56462669,7,5,50
2381,2015,야,토,1,2,1,0,0,서울,마포구,차대차,측면충돌,운전자법규위반,안전운전 의무 불이행,교차로,교차로내,이륜차,소형,승용차,중형,948931.0,1951731.0,126.9217438,37.56352408,7,23,30
2395,2015,주,월,1,2,0,1,0,서울,성북구,차대차,측면충돌,운전자법규위반,안전운전 의무 불이행,단일로,기타단일로,이륜차,중형,승용차,중형,959028.5,1955160.6,127.0358825,37.59494054,7,8,30
2508,2015,야,수,1,1,0,0,0,서울,강동구,차대차,측면충돌,운전자법규위반,신호위반,교차로,교차로내,화물차,소형,이륜차,중형,971166.0,1949775.0,127.17358329999999,37.54685848,8,18,20
2635,2015,야,일,1,1,0,0,0,서울,강동구,차대사람,보도통행중,운전자법규위반,안전운전 의무 불이행,단일로,기타단일로,승용차,경형,보행자,보행자,967189.0,1950468.0,127.1285313,37.55297173,8,23,35
2638,2015,야,월,1,1,0,0,0,서울,관악구,차대사람,보도통행중,운전자법규위반,과속,단일로,기타단일로,승용차,중형,보행자,보행자,951093.0,1942654.0,126.9468275,37.48182853,8,4,43
2661,2015,주,수,1,1,0,0,0,서울,성동구,차대사람,보도통행중,운전자법규위반,안전운전 의무 불이행,교차로,교차로부근,화물차,소형,보행자,보행자,958014.0,1951017.0,127.0246283,37.55754754,8,6,0
2706,2015,주,토,1,1,0,0,0,서울,은평구,차대사람,보도통행중,운전자법규위반,안전운전 의무 불이행,단일로,기타단일로,승용차,중형,보행자,보행자,948438.0,1954280.0,126.9159824,37.58647095,8,7,20
2717,2015,야,토,1,1,0,0,0,서울,영등포구,차대사람,보도통행중,운전자법규위반,안전운전 의무 불이행,단일로,기타단일로,승용차,중형,보행자,보행자,948422.0,1946679.0,126.9163357,37.51796135,8,21,28
2724,2015,야,일,1,1,0,0,0,서울,송파구,차대사람,보도통행중,운전자법규위반,안전운전 의무 불이행,단일로,기타단일로,승용차,중형,보행자,보행자,964919.0,1944574.0,127.1031136,37.49976305,8,2,20
2817,2015,야,일,1,1,0,0,0,서울,송파구,차대차,측면충돌,운전자법규위반,신호위반,교차로,교차로내,승용차,대형,이륜차,중형,963797.0,1945454.0,127.09037690000001,37.50765154,8,19,50
2838,2015,야,화,1,1,0,0,0,서울,강북구,차대사람,보도통행중,운전자법규위반,신호위반,교차로,교차로내,원동기장치자전거,원동기장치자전거,보행자,보행자,957478.0,1958994.0,127.01809640000002,37.62942128,9,4,50
2853,2015,야,화,1,1,0,0,0,서울,용산구,차대사람,보도통행중,운전자법규위반,안전운전 의무 불이행,단일로,횡단보도상,승용차,중형,보행자,보행자,953225.0,1948205.0,126.9705878,37.53197163,9,22,32
2891,2015,야,토,1,1,0,0,0,서울,중구,차대사람,보도통행중,운전자법규위반,안전운전 의무 불이행,교차로,교차로부근,승용차,중형,보행자,보행자,954620.0,1951987.0,126.9861422,37.56612938,9,0,15
2901,2015,야,일,1,3,1,1,0,서울,마포구,차대사람,보도통행중,운전자법규위반,안전운전 의무 불이행,단일로,기타단일로,원동기장치자전거,원동기장치자전거,보행자,보행자,952505.0,1950379.0,126.9622982,37.55152953,9,2,15
2973,2015,야,금,1,2,0,1,0,서울,도봉구,차대사람,보도통행중,운전자법규위반,안전운전 의무 불이행,단일로,횡단보도상,원동기장치자전거,원동기장치자전거,보행자,보행자,959798.0,1963808.0,127.0441231,37.67291503,9,23,40
2975,2015,야,토,1,6,2,3,0,서울,강북구,차대차,측면충돌,운전자법규위반,신호위반,교차로,교차로내,승용차,중형,승용차,소형,958514.0,1957619.0,127.02991509999998,37.61707553,9,3,20
3003,2015,주,일,1,1,0,0,0,서울,중랑구,차대차,측면충돌,운전자법규위반,교차로 통행방법 위반,교차로,교차로내,원동기장치자전거,원동기장치자전거,화물차,소형,963630.0,1957804.0,127.0878747,37.61895967,9,17,50
3061,2015,주,토,1,1,0,0,0,서울,강서구,차대사람,보도통행중,운전자법규위반,신호위반,단일로,횡단보도상,화물차,소형,보행자,보행자,943469.0,1948268.0,126.8601676,37.53199285,9,9,35
3084,2015,야,월,1,3,2,0,0,서울,송파구,차대차,측면충돌,운전자법규위반,신호위반,교차로,교차로내,승용차,중형,화물차,중형,965542.0,1944821.0,127.1101502,37.50201284,9,2,51
3106,2015,주,화,1,1,0,0,0,서울,광진구,차대사람,보도통행중,운전자법규위반,안전운전 의무 불이행,단일로,기타단일로,승용차,중형,보행자,보행자,961528.0,1949374.0,127.06449939999999,37.54289212,9,6,0
3123,2015,야,수,1,4,2,1,0,서울,금천구,차대차,측면충돌,운전자법규위반,안전운전 의무 불이행,교차로,교차로내,승용차,소형,원동기장치자전거,원동기장치자전거,947188.0,1940776.0,126.90279609999999,37.46468667,9,18,10
3142,2015,주,금,1,1,0,0,0,서울,강서구,차대차,측면충돌,운전자법규위반,신호위반,교차로,교차로내,원동기장치자전거,원동기장치자전거,승합차,대형,943800.0,1950435.0,126.86374779999998,37.55154436,9,6,55
3179,2015,주,월,1,1,0,0,0,서울,강남구,차대사람,보도통행중,운전자법규위반,보행자 보호의무 위반,교차로,교차로내,승합차,대형,보행자,보행자,965142.0,1943344.0,127.10569479999998,37.48868494,9,16,4
3182,2015,야,화,1,1,0,0,0,서울,중랑구,차대사람,보도통행중,운전자법규위반,안전운전 의무 불이행,단일로,기타단일로,승합차,중형,보행자,보행자,963831.0,1955425.0,127.0902699,37.59752504,9,4,53
3260,2015,야,일,1,1,0,0,0,서울,용산구,차대사람,보도통행중,운전자법규위반,안전운전 의무 불이행,단일로,기타단일로,승용차,중형,보행자,보행자,953123.0,1950395.0,126.9692935,37.55170539,10,20,53
3275,2015,야,월,1,1,0,0,0,서울,양천구,차대사람,보도통행중,운전자법규위반,신호위반,단일로,기타단일로,승용차,대형,보행자,보행자,945025.0,1946964.0,126.87787549999999,37.52033387,10,21,10
3279,2015,야,화,1,3,2,0,0,서울,중랑구,차대차,측면충돌,운전자법규위반,신호위반,교차로,교차로내,이륜차,중형,승용차,대형,964456.0,1954646.0,127.09738770000001,37.59052804,10,3,5
3364,2015,야,월,1,1,0,0,0,서울,강남구,차대사람,보도통행중,운전자법규위반,안전운전 의무 불이행,단일로,횡단보도상,승용차,중형,보행자,보행자,959832.0,1944263.0,127.0455808,37.49675251,10,5,40
3365,2015,주,월,1,1,0,0,0,서울,은평구,차대사람,보도통행중,운전자법규위반,신호위반,단일로,횡단보도상,승용차,중형,보행자,보행자,951166.0,1962239.0,126.946348,37.65835471,10,6,3
3384,2015,주,화,1,1,0,0,0,서울,관악구,차대사람,보도통행중,운전자법규위반,신호위반,교차로,교차로부근,승용차,소형,보행자,보행자,948449.0,1943475.0,126.9168659,37.48908459,10,16,58
3435,2015,야,토,1,1,0,0,0,서울,노원구,차대사람,보도통행중,운전자법규위반,안전운전 의무 불이행,교차로,교차로부근,승합차,소형,보행자,보행자,961780.0,1958959.0,127.06685159999998,37.62929487,10,2,0
3519,2015,야,목,1,1,0,0,0,서울,강남구,차대차,측면충돌,운전자법규위반,중앙선 침범,단일로,기타단일로,원동기장치자전거,원동기장치자전거,승용차,중형,957694.1,1945817.1,127.0213061,37.51066465,10,1,10
3520,2015,주,목,1,1,0,0,0,서울,영등포구,차대사람,보도통행중,운전자법규위반,안전운전 의무 불이행,단일로,기타단일로,승용차,소형,보행자,보행자,947710.0,1944268.0,126.90845049999999,37.496190500000004,10,14,30
3549,2015,야,금,1,1,0,0,0,서울,관악구,차대사람,보도통행중,운전자법규위반,보행자 보호의무 위반,단일로,횡단보도상,승용차,경형,보행자,보행자,951974.9,1943621.1,126.95673889999999,37.49059155,10,19,50
3551,2015,야,금,1,1,0,0,0,서울,중구,차대사람,보도통행중,운전자법규위반,안전운전 의무 불이행,단일로,횡단보도상,승합차,대형,보행자,보행자,953087.0,1952202.0,126.9687703,37.56799039,10,22,55
3575,2015,야,일,1,1,0,0,0,서울,중랑구,차대차,측면충돌,운전자법규위반,신호위반,교차로,교차로부근,승용차,중형,이륜차,소형,963663.0,1952990.0,127.0884876,37.57557103,10,5,17
3583,2015,야,일,1,1,0,0,0,서울,강북구,차대사람,보도통행중,운전자법규위반,안전운전 의무 불이행,단일로,기타단일로,승용차,대형,보행자,보행자,959360.0,1959289.0,127.0394081,37.63216535,10,21,4
3599,2015,야,화,1,1,0,0,0,서울,구로구,차대사람,보도통행중,운전자법규위반,안전운전 의무 불이행,교차로,교차로내,승용차,중형,보행자,보행자,947208.0,1942977.0,126.90286440000001,37.484525899999994,10,4,37
3600,2015,야,화,1,1,0,0,0,서울,관악구,차대사람,보도통행중,운전자법규위반,안전운전 의무 불이행,교차로,교차로부근,승용차,중형,보행자,보행자,951957.0,1943630.0,126.95653590000002,37.49067084,10,4,55
3629,2015,주,목,1,6,2,3,0,서울,서초구,차대차,측면충돌,운전자법규위반,안전운전 의무 불이행,단일로,기타단일로,승합차,중형,승합차,대형,961643.4,1937261.3,127.0664371,37.43372001,10,12,10
3631,2015,주,목,1,1,0,0,0,서울,노원구,차대사람,보도통행중,운전자법규위반,안전운전 의무 불이행,단일로,기타단일로,승합차,대형,보행자,보행자,960799.0,1964773.0,127.0554219,37.68165603,10,17,10
3651,2015,야,금,1,1,0,0,0,서울,마포구,차대차,측면충돌,운전자법규위반,안전운전 의무 불이행,단일로,기타단일로,승용차,중형,이륜차,대형,951505.0,1951003.0,126.9509362,37.55710165,10,21,26
3659,2015,야,일,1,1,0,0,0,서울,구로구,차대사람,보도통행중,운전자법규위반,보행자 보호의무 위반,단일로,횡단보도상,승용차,중형,보행자,보행자,946286.0,1944601.0,126.8923175,37.49911012,11,1,40
3682,2015,주,화,1,1,0,0,0,서울,강동구,차대사람,보도통행중,운전자법규위반,신호위반,교차로,교차로내,승합차,대형,보행자,보행자,969452.0,1950033.0,127.15416940000001,37.54912871,11,13,13
3698,2015,주,수,1,1,0,0,0,서울,강남구,차대차,측면충돌,운전자법규위반,안전운전 의무 불이행,교차로,교차로부근,승용차,중형,자전거,자전거,965330.0,1940550.0,127.10795290000002,37.46350832,11,10,15
3745,2015,주,토,1,1,0,0,0,서울,양천구,차대사람,보도통행중,운전자법규위반,안전운전 의무 불이행,교차로,교차로내,원동기장치자전거,원동기장치자전거,보행자,보행자,940889.0,1949109.0,126.8309006,37.53941096,11,17,52
3747,2015,야,토,1,1,0,0,0,서울,동대문구,차대사람,보도통행중,운전자법규위반,안전운전 의무 불이행,단일로,기타단일로,승용차,중형,보행자,보행자,960561.0,1954730.0,127.05326509999999,37.59112642,11,18,50
3760,2015,야,일,1,1,0,0,0,서울,은평구,차대사람,보도통행중,운전자법규위반,과속,교차로,교차로부근,승용차,중형,보행자,보행자,949225.0,1957529.0,126.9246705,37.61579814,11,1,24
3786,2015,주,월,1,1,0,0,0,서울,마포구,차대차,측면충돌,운전자법규위반,신호위반,교차로,교차로내,이륜차,중형,승합차,대형,951803.0,1950101.0,126.9543693,37.5489874,11,11,56
3822,2015,야,목,1,1,0,0,0,서울,구로구,차대사람,보도통행중,운전자법규위반,안전운전 의무 불이행,교차로,교차로내,승용차,중형,보행자,보행자,946299.0,1945449.0,126.89240259999998,37.50675403,11,5,55
3825,2015,주,목,1,1,0,0,0,서울,금천구,차대사람,보도통행중,운전자법규위반,보행자 보호의무 위반,교차로,교차로내,승용차,대형,보행자,보행자,946962.0,1939260.0,126.90034969999999,37.45100966,11,9,45
3848,2015,야,토,1,1,0,0,0,서울,서초구,차대사람,보도통행중,운전자법규위반,과속,단일로,기타단일로,화물차,중형,보행자,보행자,954170.0,1942335.0,126.9816491,37.47911109,11,3,5
3878,2015,야,화,1,1,0,0,0,서울,서초구,차대사람,보도통행중,운전자법규위반,안전운전 의무 불이행,단일로,기타단일로,승합차,소형,보행자,보행자,955781.0,1944701.0,126.9997271,37.50051518,11,0,44
3886,2015,주,화,1,2,1,0,0,서울,동대문구,차대사람,보도통행중,운전자법규위반,안전운전 의무 불이행,교차로,교차로내,승용차,경형,보행자,보행자,962271.0,1951730.0,127.0727887,37.56415825,11,17,40
3909,2015,야,목,1,1,0,0,0,서울,노원구,차대사람,보도통행중,운전자법규위반,안전운전 의무 불이행,단일로,기타단일로,승용차,중형,보행자,보행자,962106.0,1959141.0,127.0705366,37.63094878,11,4,55
3910,2015,야,목,1,1,0,0,0,서울,서초구,차대사람,보도통행중,운전자법규위반,신호위반,단일로,기타단일로,승용차,대형,보행자,보행자,955682.0,1942401.0,126.9987457,37.47977976,11,4,27
3926,2015,주,금,1,1,0,0,0,서울,중랑구,차대사람,보도통행중,운전자법규위반,안전운전 의무 불이행,교차로,교차로부근,승용차,중형,보행자,보행자,964079.0,1953551.0,127.0931712,37.58064383,11,11,15
3927,2015,주,금,1,1,0,0,0,서울,강서구,차대사람,보도통행중,운전자법규위반,기타(운전자법규위반),단일로,기타단일로,승용차,중형,보행자,보행자,942677.0,1952201.0,126.85089669999999,37.56739212,11,17,30
3963,2015,주,월,1,1,0,0,0,서울,양천구,차대사람,보도통행중,운전자법규위반,안전운전 의무 불이행,교차로,교차로내,승용차,대형,보행자,보행자,941409.0,1947252.0,126.8369345,37.522707000000004,11,8,20
3981,2015,야,수,1,1,0,0,0,서울,영등포구,차대사람,보도통행중,운전자법규위반,보행자 보호의무 위반,단일로,횡단보도상,승용차,중형,보행자,보행자,949756.0,1946786.0,126.93142350000001,37.51899939,11,0,20
3983,2015,야,수,1,1,0,0,0,서울,은평구,차대사람,보도통행중,운전자법규위반,안전운전 의무 불이행,교차로,교차로부근,승용차,중형,보행자,보행자,949654.7,1956967.4,126.92957790000001,37.61076005,11,2,20
4019,2015,주,금,1,1,0,0,0,서울,영등포구,차대차,측면충돌,운전자법규위반,신호위반,교차로,교차로내,자전거,자전거,승용차,중형,945878.0,1947072.0,126.88752,37.52135774,11,9,10
4060,2015,야,화,1,1,0,0,0,서울,영등포구,차대사람,보도통행중,운전자법규위반,안전운전 의무 불이행,단일로,기타단일로,승용차,중형,보행자,보행자,947871.4,1945106.3,126.9102169,37.50375538,12,1,2
4149,2015,야,월,1,1,0,0,0,서울,금천구,차대사람,보도통행중,운전자법규위반,안전운전 의무 불이행,단일로,횡단보도상,승용차,중형,보행자,보행자,948029.0,1939149.0,126.91242050000001,37.45006978,12,23,17
4152,2015,주,화,1,1,0,0,0,서울,마포구,차대사람,보도통행중,운전자법규위반,안전운전 의무 불이행,단일로,횡단보도상,승합차,경형,보행자,보행자,951871.0,1951019.0,126.9550789,37.55726506,12,9,6
4161,2015,주,수,1,1,0,0,0,서울,강북구,차대사람,보도통행중,운전자법규위반,안전운전 의무 불이행,단일로,기타단일로,승용차,소형,보행자,보행자,959479.0,1957546.0,127.0408534,37.61646062,12,6,35
4162,2015,주,수,1,1,0,0,0,서울,은평구,차대사람,보도통행중,운전자법규위반,신호위반,단일로,횡단보도부근,승용차,소형,보행자,보행자,948723.0,1957606.0,126.91897720000001,37.61646427,12,6,45
4172,2015,야,수,1,1,0,0,0,서울,영등포구,차대사람,보도통행중,운전자법규위반,안전운전 의무 불이행,기타/불명,기타/불명,승합차,대형,보행자,보행자,948589.0,1946292.0,126.9182525,37.51448257,12,19,44
4185,2015,야,금,1,1,0,0,0,서울,중구,차대사람,보도통행중,운전자법규위반,안전운전 의무 불이행,단일로,기타단일로,승용차,중형,보행자,보행자,954275.0,1951805.0,126.9822471,37.56447191,12,0,29
4200,2015,주,토,1,1,0,0,0,서울,동대문구,차대사람,보도통행중,운전자법규위반,안전운전 의무 불이행,기타/불명,기타/불명,승합차,대형,보행자,보행자,959150.0,1953292.0,127.03736299999998,37.57810381,12,7,5
4201,2015,주,토,1,1,0,0,0,서울,강동구,차대차,측면충돌,운전자법규위반,안전거리 미확보,단일로,기타단일로,이륜차,소형,승용차,중형,969511.0,1950698.0,127.1548097,37.55512459,12,8,40
4225,2015,야,월,1,1,0,0,0,서울,강남구,차대차,측면충돌,운전자법규위반,안전운전 의무 불이행,교차로,교차로내,이륜차,소형,승용차,중형,961387.0,1945598.0,127.0631018,37.50885176,12,1,50
4237,2015,주,화,1,1,0,0,0,서울,영등포구,차대사람,보도통행중,운전자법규위반,보행자 보호의무 위반,교차로,교차로부근,승용차,중형,보행자,보행자,946279.0,1948301.0,126.8919678,37.53245831,12,13,25
4255,2015,주,목,1,1,0,0,0,서울,서초구,차대사람,보도통행중,운전자법규위반,보행자 보호의무 위반,교차로,교차로부근,화물차,경형,보행자,보행자,954880.0,1943813.0,126.9895885,37.49246775,12,6,35
4259,2015,주,목,1,1,0,0,0,서울,구로구,차대사람,보도통행중,운전자법규위반,안전운전 의무 불이행,단일로,횡단보도상,승합차,대형,보행자,보행자,946254.0,1944367.0,126.8919726,37.49699918,12,10,33
4265,2015,야,금,1,5,2,2,0,서울,관악구,차대사람,보도통행중,운전자법규위반,보행자 보호의무 위반,교차로,교차로내,승용차,중형,보행자,보행자,949573.0,1942904.0,126.92961890000001,37.484000099999996,12,1,3
4344,2015,야,목,1,1,0,0,0,서울,동대문구,차대사람,보도통행중,운전자법규위반,안전운전 의무 불이행,단일로,횡단보도부근,화물차,중형,보행자,보행자,959154.0,1954389.0,127.03734709999999,37.58799152,12,5,5
4351,2015,야,목,1,1,0,0,0,서울,영등포구,차대사람,보도통행중,운전자법규위반,안전운전 의무 불이행,단일로,기타단일로,승합차,경형,보행자,보행자,947168.0,1946338.0,126.90217050000001,37.51481689,12,18,23
4357,2015,야,금,1,1,0,0,0,서울,성북구,차대사람,보도통행중,운전자법규위반,안전운전 의무 불이행,단일로,횡단보도상,승용차,중형,보행자,보행자,961042.0,1957024.0,127.0585912,37.6118233,12,2,30
4422,2015,야,수,1,1,0,0,0,서울,도봉구,차대사람,보도통행중,운전자법규위반,안전운전 의무 불이행,교차로,교차로내,화물차,소형,보행자,보행자,959926.0,1964657.0,127.04552779999999,37.68057277,12,3,6
4423,2015,야,수,1,1,0,0,0,서울,강동구,차대사람,보도통행중,운전자법규위반,안전운전 의무 불이행,단일로,횡단보도상,화물차,소형,보행자,보행자,967496.0,1948595.0,127.1320899,37.53610049,12,5,15
4448,2016,주,일,1,1,0,0,0,서울,금천구,차대사람,보도통행중,운전자법규위반,안전운전 의무 불이행,단일로,기타단일로,승용차,중형,보행자,보행자,945989.0,1942347.0,126.88912309999999,37.4787771,12,17,48
4457,2016,야,일,1,2,1,0,0,서울,용산구,차대사람,보도통행중,운전자법규위반,안전운전 의무 불이행,단일로,기타단일로,이륜차,소형,보행자,보행자,954062.0,1946930.0,126.9801406,37.52052182,11,2,35
4494,2016,주,화,1,1,0,0,0,서울,금천구,차대차,측면직각충돌,운전자법규위반,안전운전 의무 불이행,교차로,교차로내,승용차,중형,이륜차,소형,944921.0,1943004.0,126.87722579999999,37.48412042,2,11,15
4500,2016,주,금,1,1,0,0,0,서울,강동구,차대사람,보도통행중,운전자법규위반,중앙선 침범,단일로,기타단일로,승용차,경형,보행자,보행자,967986.0,1950914.0,127.1375348,37.55701975,2,8,35
4501,2016,주,금,1,1,0,0,0,서울,노원구,차대차,측면직각충돌,운전자법규위반,신호위반,교차로,교차로내,승용차,대형,이륜차,중형,963740.0,1958173.0,127.08910279999999,37.62228991,3,14,45
4507,2016,주,월,1,1,0,0,0,서울,성동구,차대사람,보도통행중,운전자법규위반,보행자 보호의무 위반,교차로,교차로내,특수차,대형,보행자,보행자,958860.0,1950648.0,127.03422720000002,37.55425981,3,13,0
4537,2016,주,화,1,1,0,0,0,서울,성동구,차대사람,보도통행중,운전자법규위반,안전운전 의무 불이행,교차로,교차로내,건설기계,건설기계,보행자,보행자,960069.0,1949132.0,127.04799720000001,37.54064883,3,14,50
4554,2016,야,일,2,2,0,0,0,서울,중구,차대차,측면직각충돌,운전자법규위반,신호위반,교차로,교차로내,이륜차,중형,승용차,대형,955674.0,1952037.0,126.99807369999999,37.56663139,3,3,5
4580,2016,야,금,1,1,0,0,0,서울,강남구,차대사람,보도통행중,운전자법규위반,안전운전 의무 불이행,단일로,기타단일로,승용차,중형,보행자,보행자,957877.0,1945404.0,127.0262865,37.50106994,3,5,45
4593,2016,주,화,1,1,0,0,0,서울,강남구,차대차,측면직각충돌,운전자법규위반,신호위반,교차로,교차로내,이륜차,중형,승용차,중형,964777.0,1943191.0,127.10184140000001,37.48730104,3,6,19
4596,2016,야,목,1,1,0,0,0,서울,서초구,차대사람,보도통행중,운전자법규위반,신호위반,교차로,교차로부근,승용차,중형,보행자,보행자,956580.0,1942819.0,127.0088774,37.48359,4,5,15
4636,2016,야,수,1,1,0,0,0,서울,강서구,차대차,측면직각충돌,운전자법규위반,신호위반,교차로,교차로내,자전거,자전거,승용차,경형,942234.0,1949616.0,126.8460362,37.54413137,3,23,55
4642,2016,야,금,1,1,0,0,0,서울,강북구,차대사람,보도통행중,운전자법규위반,안전운전 의무 불이행,단일로,횡단보도상,승용차,중형,보행자,보행자,958743.0,1956851.0,127.03255320000001,37.61016371,4,1,40
4726,2016,야,목,1,1,0,0,0,서울,동작구,차대차,측면직각충돌,운전자법규위반,중앙선 침범,단일로,기타단일로,이륜차,소형,승합차,대형,948704.0,1944431.0,126.91901840000001,37.49756884,3,21,15
4759,2016,주,화,1,2,0,1,0,서울,강북구,차대사람,보도통행중,운전자법규위반,안전운전 의무 불이행,단일로,기타단일로,이륜차,소형,보행자,보행자,957398.0,1959974.0,127.01713259999998,37.63825045,9,14,0
4769,2016,야,토,1,1,0,0,0,서울,동작구,차대사람,보도통행중,운전자법규위반,안전운전 의무 불이행,단일로,기타단일로,승용차,중형,보행자,보행자,948961.0,1945263.0,126.92253319999999,37.50522866,7,20,45
4872,2016,주,금,1,1,0,0,0,서울,중구,차대차,측면직각충돌,운전자법규위반,신호위반,교차로,교차로내,승합차,대형,이륜차,중형,954753.0,1951983.0,126.98764840000001,37.56609988,9,14,5
4902,2016,야,수,1,1,0,0,0,서울,동대문구,차대사람,보도통행중,운전자법규위반,안전운전 의무 불이행,교차로,교차로내,승합차,대형,보행자,보행자,958962.0,1953287.0,127.03523419999999,37.57805038,3,21,52
4909,2016,주,수,1,1,0,0,0,서울,노원구,차대사람,보도통행중,운전자법규위반,안전운전 의무 불이행,교차로,교차로내,화물차,소형,보행자,보행자,962908.0,1958414.0,127.07966259999999,37.62442889,4,9,10
4931,2016,주,화,1,1,0,0,0,서울,동대문구,차대사람,보도통행중,운전자법규위반,안전운전 의무 불이행,교차로,교차로부근,승용차,중형,보행자,보행자,960902.0,1953327.0,127.05720249999999,37.57849537,5,16,55
4963,2016,야,목,1,1,0,0,0,서울,영등포구,차대사람,보도통행중,운전자법규위반,신호위반,단일로,기타단일로,승용차,중형,보행자,보행자,948537.0,1947079.0,126.91760900000001,37.52157304,7,4,0
4992,2016,야,금,1,1,0,0,0,서울,서대문구,차대사람,보도통행중,운전자법규위반,안전운전 의무 불이행,단일로,기타단일로,승용차,중형,보행자,보행자,948137.0,1953887.0,126.91272479999999,37.58274847,12,5,15
5015,2016,야,목,1,1,0,0,0,서울,용산구,차대사람,보도통행중,운전자법규위반,안전운전 의무 불이행,단일로,기타단일로,화물차,소형,보행자,보행자,952541.0,1947306.0,126.9629045,37.52383378,11,5,35
5023,2016,야,목,1,1,0,0,0,서울,중구,차대사람,보도통행중,운전자법규위반,안전운전 의무 불이행,교차로,교차로내,승용차,중형,보행자,보행자,956071.0,1950603.0,127.00265490000001,37.55372544,4,21,35
5072,2016,야,목,1,1,0,0,0,서울,서대문구,차대사람,보도통행중,운전자법규위반,안전운전 의무 불이행,단일로,횡단보도부근,승용차,대형,보행자,보행자,947617.0,1953004.0,126.90677509999999,37.57492391,6,21,0
5103,2016,주,수,1,1,0,0,0,서울,은평구,차대사람,보도통행중,운전자법규위반,안전운전 의무 불이행,교차로,교차로부근,건설기계,건설기계,보행자,보행자,948612.0,1955103.0,126.91789540000002,37.59389844,7,17,40
5143,2016,주,월,1,1,0,0,0,서울,노원구,차대사람,보도통행중,운전자법규위반,안전운전 의무 불이행,교차로,교차로내,건설기계,건설기계,보행자,보행자,963155.0,1963608.0,127.08219950000002,37.67125339,8,14,0
5146,2016,주,월,1,1,0,0,0,서울,중랑구,차대사람,보도통행중,운전자법규위반,신호위반,교차로,교차로내,승합차,대형,보행자,보행자,962775.0,1954178.0,127.07837099999999,37.58624334,8,8,40
5152,2016,야,토,1,1,0,0,0,서울,동작구,차대사람,보도통행중,운전자법규위반,안전운전 의무 불이행,단일로,횡단보도부근,승합차,소형,보행자,보행자,950606.0,1944838.0,126.94117279999999,37.50148755,4,22,35
5177,2016,주,금,1,4,1,2,0,서울,성북구,차대사람,보도통행중,운전자법규위반,안전운전 의무 불이행,교차로,교차로부근,특수차,소형,보행자,보행자,956332.0,1954542.0,127.005375,37.58924092,4,7,19
5182,2016,야,토,1,1,0,0,0,서울,중랑구,차대사람,보도통행중,운전자법규위반,안전운전 의무 불이행,단일로,기타단일로,승용차,대형,보행자,보행자,964712.0,1955598.0,127.10024150000001,37.59911856,4,23,38
5183,2016,야,금,1,2,0,1,0,서울,영등포구,차대사람,보도통행중,운전자법규위반,과속,단일로,기타단일로,이륜차,소형,보행자,보행자,947513.0,1946649.0,126.906052,37.51763968,4,0,13
5184,2016,주,수,1,1,0,0,0,서울,금천구,차대사람,보도통행중,운전자법규위반,안전운전 의무 불이행,단일로,기타단일로,승용차,경형,보행자,보행자,945670.0,1940594.0,126.88564469999999,37.46295827,4,16,50
5211,2016,주,수,1,1,0,0,0,서울,서대문구,차대차,측면직각충돌,운전자법규위반,안전운전 의무 불이행,교차로,교차로부근,자전거,자전거,승용차,경형,948139.0,1952486.0,126.912723,37.5702847,7,12,20
5229,2016,야,일,1,1,0,0,0,서울,양천구,차대차,측면직각충돌,운전자법규위반,교차로 통행방법 위반,교차로,교차로내,화물차,소형,이륜차,소형,941233.0,1948831.0,126.8348165,37.53692735,6,21,37
5248,2016,주,화,1,2,0,1,0,서울,영등포구,차대차,측면직각충돌,운전자법규위반,신호위반,교차로,교차로내,승용차,경형,이륜차,소형,949585.0,1947918.0,126.9294108,37.52919298,11,7,30
5280,2016,야,목,1,1,0,0,0,서울,양천구,차대사람,보도통행중,운전자법규위반,안전운전 의무 불이행,단일로,기타단일로,승용차,소형,보행자,보행자,940772.0,1948483.0,126.82962679999999,37.53376132,4,22,15
5289,2016,야,목,1,1,0,0,0,서울,관악구,차대차,측면직각충돌,운전자법규위반,차로위반(진로변경 위반),단일로,기타단일로,승용차,중형,자전거,자전거,947710.0,1942121.0,126.9086031,37.47683914,4,19,25
5334,2016,야,월,1,1,0,0,0,서울,동작구,차대사람,보도통행중,운전자법규위반,안전운전 의무 불이행,단일로,횡단보도상,승용차,중형,보행자,보행자,949382.0,1944133.0,126.9273741,37.49506691,5,2,50
5362,2016,야,금,1,1,0,0,0,서울,영등포구,차대차,측면직각충돌,운전자법규위반,안전운전 의무 불이행,교차로,교차로내,승용차,경형,이륜차,중형,946882.0,1944829.0,126.89904340000001,37.50119961,7,22,30
5365,2016,야,수,1,1,0,0,0,서울,금천구,차대사람,보도통행중,운전자법규위반,안전운전 의무 불이행,단일로,기타단일로,승용차,중형,보행자,보행자,944894.0,1942279.0,126.8767442,37.47809953,7,1,33
5401,2016,주,일,1,1,0,0,0,서울,노원구,차대차,측면직각충돌,운전자법규위반,안전운전 의무 불이행,단일로,기타단일로,승용차,경형,자전거,자전거,962599.0,1957701.0,127.0761975,37.61798993,9,8,31
5428,2016,주,수,1,1,0,0,0,서울,영등포구,차대차,측면직각충돌,운전자법규위반,안전운전 의무 불이행,단일로,기타단일로,승합차,경형,이륜차,소형,947075.0,1945467.0,126.90118090000001,37.506961100000005,8,14,30
5432,2016,주,화,1,6,0,5,0,서울,금천구,차대차,측면직각충돌,운전자법규위반,안전운전 의무 불이행,단일로,기타단일로,승용차,중형,승합차,대형,948790.0,1939228.0,126.92101840000001,37.45082429,9,15,38
5446,2016,야,수,1,1,0,0,0,서울,서대문구,차대사람,보도통행중,운전자법규위반,안전운전 의무 불이행,단일로,기타단일로,화물차,소형,보행자,보행자,952283.0,1952495.0,126.9596473,37.57058993,4,19,30
5504,2016,야,목,1,3,1,1,0,서울,강남구,차대사람,보도통행중,운전자법규위반,안전운전 의무 불이행,단일로,기타단일로,이륜차,중형,보행자,보행자,957882.0,1945422.0,127.0234548,37.50711207,5,1,50
5524,2016,야,금,1,1,0,0,0,서울,광진구,차대사람,보도통행중,운전자법규위반,안전운전 의무 불이행,단일로,기타단일로,승용차,중형,보행자,보행자,963173.0,1951476.0,127.0828996,37.56202936,5,22,21
5539,2016,야,수,1,1,0,0,0,서울,송파구,차대사람,보도통행중,운전자법규위반,안전운전 의무 불이행,단일로,기타단일로,승용차,중형,보행자,보행자,963663.0,1945206.0,127.08868249999999,37.50509029,6,0,20
5568,2016,야,금,1,1,0,0,0,서울,강남구,차대사람,보도통행중,운전자법규위반,보행자 보호의무 위반,단일로,횡단보도상,승용차,중형,보행자,보행자,959546.0,1946146.0,127.0425479,37.51360342,6,4,30
5573,2016,주,일,1,1,0,0,0,서울,강서구,차대사람,보도통행중,운전자법규위반,보행자 보호의무 위반,교차로,교차로부근,건설기계,건설기계,보행자,보행자,938529.0,1952826.0,126.803877,37.57275759,8,17,25
5579,2016,야,월,1,1,0,0,0,서울,중구,차대사람,보도통행중,운전자법규위반,안전운전 의무 불이행,단일로,기타단일로,승용차,중형,보행자,보행자,957663.0,1951912.0,127.02060259999999,37.56559834,9,1,25
5592,2016,야,일,1,1,0,0,0,서울,강동구,차대사람,보도통행중,운전자법규위반,안전운전 의무 불이행,단일로,기타단일로,승용차,중형,보행자,보행자,969571.0,1950717.0,127.1554882,37.55529783,7,23,45
5610,2016,야,목,1,1,0,0,0,서울,관악구,차대사람,보도통행중,운전자법규위반,신호위반,교차로,교차로내,승용차,중형,보행자,보행자,951673.0,1942664.0,126.9536285,37.48184485,8,1,45
5639,2016,주,토,1,1,0,0,0,서울,금천구,차대사람,보도통행중,운전자법규위반,안전운전 의무 불이행,교차로,교차로내,화물차,경형,보행자,보행자,947151.0,1941236.0,126.90234469999999,37.46883064,4,17,0
5663,2016,주,화,1,2,1,0,0,서울,동작구,차대차,측면직각충돌,운전자법규위반,차로위반(진로변경 위반),단일로,기타단일로,승용차,경형,승용차,소형,949145.0,1945884.0,126.9244277,37.51032334,5,12,20
5675,2016,주,화,1,1,0,0,0,서울,은평구,차대사람,보도통행중,운전자법규위반,보행자 보호의무 위반,교차로,교차로내,건설기계,건설기계,보행자,보행자,948286.0,1954983.0,126.9142112,37.5927986,5,8,5
5702,2016,야,월,1,1,0,0,0,서울,성동구,차대차,측면직각충돌,운전자법규위반,중앙선 침범,교차로,교차로부근,승용차,경형,이륜차,대형,959186.0,1952521.0,127.03781370000002,37.57115618,6,19,10
5712,2016,야,금,1,1,0,0,0,서울,서초구,차대사람,보도통행중,운전자법규위반,안전운전 의무 불이행,단일로,기타단일로,승용차,중형,보행자,보행자,954978.0,1941805.0,126.9911845,37.47446997,7,0,30
5751,2016,주,수,1,1,0,0,0,서울,구로구,차대사람,보도통행중,운전자법규위반,안전운전 의무 불이행,단일로,기타단일로,승용차,중형,보행자,보행자,945513.0,1943815.0,126.88363100000001,37.49198047,11,9,30
5757,2016,주,목,1,1,0,0,0,서울,용산구,차대사람,보도통행중,운전자법규위반,안전운전 의무 불이행,단일로,기타단일로,승합차,중형,보행자,보행자,955784.0,1947113.0,126.9996159,37.52225542,11,7,0
5788,2016,야,금,1,2,0,1,0,서울,성북구,차대사람,보도통행중,운전자법규위반,중앙선 침범,교차로,교차로내,이륜차,중형,보행자,보행자,958774.0,1954759.0,127.0330223,37.59130946,4,23,55
5842,2016,야,수,1,2,0,0,1,서울,마포구,차대차,측면직각충돌,운전자법규위반,신호위반,교차로,교차로내,이륜차,소형,승용차,중형,948615.0,1950523.0,126.91825060000001,37.55261866,6,3,30
5862,2016,주,일,2,3,1,0,0,서울,성북구,차대차,측면직각충돌,운전자법규위반,안전운전 의무 불이행,단일로,기타단일로,이륜차,소형,화물차,중형,959728.0,1957766.0,127.04366259999999,37.61845447,5,8,35
5883,2016,주,수,1,2,1,0,0,서울,금천구,차대차,측면직각충돌,운전자법규위반,안전운전 의무 불이행,교차로,교차로내,화물차,소형,이륜차,대형,947183.0,1940767.0,126.9027402,37.46460526,8,8,30
5885,2016,야,수,1,1,0,0,0,서울,강서구,차대사람,보도통행중,운전자법규위반,안전운전 의무 불이행,교차로,교차로부근,승용차,경형,보행자,보행자,942520.0,1951190.0,126.8491983,37.5582702,8,23,55
5960,2016,주,수,1,1,0,0,0,서울,동작구,차대차,측면직각충돌,운전자법규위반,안전운전 의무 불이행,교차로,교차로내,승용차,중형,이륜차,중형,948955.0,1944670.0,126.9225065,37.49988349,5,17,15
5978,2016,야,금,1,1,0,0,0,서울,성북구,차대사람,보도통행중,운전자법규위반,안전운전 의무 불이행,교차로,교차로부근,화물차,소형,보행자,보행자,958835.0,1955813.0,127.0336539,37.60081213,5,4,1
6035,2016,야,금,1,1,0,0,0,서울,강남구,차대차,측면직각충돌,운전자법규위반,신호위반,교차로,교차로부근,승용차,중형,이륜차,중형,960852.0,1946825.0,127.05698319999999,37.51988863,6,21,30
6105,2016,주,수,1,1,0,0,0,서울,양천구,차대사람,보도통행중,운전자법규위반,안전운전 의무 불이행,단일로,기타단일로,승용차,중형,보행자,보행자,941394.0,1947232.0,126.8367663,37.52252579,8,8,14
6118,2016,야,금,1,1,0,0,0,서울,중구,차대사람,보도통행중,운전자법규위반,안전운전 의무 불이행,단일로,횡단보도부근,승용차,중형,보행자,보행자,955424.0,1951473.0,126.99527720000002,37.56153586,12,4,25
6122,2016,야,월,1,1,0,0,0,서울,노원구,차대차,측면직각충돌,운전자법규위반,중앙선 침범,교차로,교차로내,이륜차,소형,승합차,소형,963364.0,1958273.0,127.0848371,37.62317632,12,20,5
6139,2016,야,월,1,1,0,0,0,서울,마포구,차대사람,보도통행중,운전자법규위반,안전운전 의무 불이행,단일로,기타단일로,승합차,중형,보행자,보행자,951670.0,1951006.0,126.9528041,37.55713736,5,3,20
6141,2016,주,목,1,1,0,0,0,서울,강북구,차대사람,보도통행중,운전자법규위반,안전운전 의무 불이행,단일로,기타단일로,원동기장치자전거,원동기장치자전거,보행자,보행자,960006.0,1958739.0,127.0467594,37.62723645,5,17,55
6191,2016,주,수,1,1,0,0,0,서울,서대문구,차대차,측면직각충돌,운전자법규위반,안전운전 의무 불이행,단일로,기타단일로,승합차,대형,자전거,자전거,950194.0,1954345.0,126.9358665,37.58715353,5,17,26
6216,2016,야,월,1,2,0,0,1,서울,강서구,차대차,측면직각충돌,운전자법규위반,신호위반,교차로,교차로내,원동기장치자전거,원동기장치자전거,승용차,소형,940549.0,1951366.0,126.8267626,37.55976771,7,0,5
6237,2016,야,금,1,1,0,0,0,서울,도봉구,차대사람,보도통행중,운전자법규위반,과속,단일로,횡단보도상,승용차,중형,보행자,보행자,958653.0,1961382.0,127.0312771,37.65099832,8,3,32
6254,2016,주,목,1,1,0,0,0,서울,영등포구,차대차,측면직각충돌,운전자법규위반,안전운전 의무 불이행,교차로,교차로부근,건설기계,건설기계,자전거,자전거,947627.0,1947490.0,126.90728200000001,37.52522622,11,13,0
6268,2016,야,일,1,3,0,2,0,서울,강북구,차대사람,보도통행중,운전자법규위반,안전운전 의무 불이행,단일로,기타단일로,승용차,중형,보행자,보행자,959579.0,1957635.0,127.04198149999999,37.6172672,11,19,25
6322,2016,주,일,1,7,2,2,2,서울,영등포구,차대차,측면직각충돌,운전자법규위반,신호위반,단일로,기타단일로,승용차,중형,승용차,중형,949936.0,1946922.0,126.9334511,37.52023497,6,15,40
6344,2016,주,토,1,1,0,0,0,서울,마포구,차대사람,보도통행중,운전자법규위반,안전운전 의무 불이행,단일로,기타단일로,승용차,경형,보행자,보행자,950693.0,1949809.0,126.94182340000002,37.54629683,8,8,24
6347,2016,주,금,1,1,0,0,0,서울,성북구,차대사람,보도통행중,운전자법규위반,보행자 보호의무 위반,교차로,교차로내,승용차,중형,보행자,보행자,957920.0,1953577.0,127.023417,37.58061717,7,8,51
6395,2016,야,일,1,1,0,0,0,서울,송파구,차대사람,보도통행중,운전자법규위반,신호위반,단일로,기타단일로,승용차,대형,보행자,보행자,965734.0,1944576.0,127.1116094,37.5005286,7,5,58
6400,2016,주,목,1,1,0,0,0,서울,강북구,차대사람,보도통행중,운전자법규위반,보행자 보호의무 위반,교차로,교차로내,승용차,중형,보행자,보행자,958890.0,1957165.0,127.034201,37.61300044,8,6,40
6406,2016,야,토,1,1,0,0,0,서울,강동구,차대사람,보도통행중,운전자법규위반,신호위반,단일로,기타단일로,승용차,중형,보행자,보행자,971128.0,1951484.0,127.1730858,37.56226125,9,4,20
6408,2016,주,화,1,1,0,0,0,서울,강동구,차대사람,보도통행중,운전자법규위반,보행자 보호의무 위반,교차로,교차로내,건설기계,건설기계,보행자,보행자,970588.0,1949637.0,127.1670456,37.54559636,7,16,15
6418,2016,야,금,1,1,0,0,0,서울,은평구,차대차,측면직각충돌,운전자법규위반,교차로 통행방법 위반,교차로,교차로내,원동기장치자전거,원동기장치자전거,승용차,중형,949248.0,1955876.0,126.92504579999999,37.60090084,7,19,20
6467,2016,야,화,1,1,0,0,0,서울,도봉구,차대사람,보도통행중,운전자법규위반,안전운전 의무 불이행,단일로,기타단일로,화물차,소형,보행자,보행자,958943.0,1961090.0,127.03458090000001,37.6483795,2,23,25
6468,2016,주,월,1,1,0,0,0,서울,송파구,차대차,측면직각충돌,운전자법규위반,안전운전 의무 불이행,단일로,기타단일로,원동기장치자전거,원동기장치자전거,건설기계,건설기계,964699.0,1946035.0,127.10055459999998,37.51292329,2,15,55
6520,2016,야,토,1,1,0,0,0,서울,마포구,차대사람,보도통행중,운전자법규위반,과속,단일로,횡단보도상,승용차,경형,보행자,보행자,951976.0,1950495.0,126.95630200000001,37.55254763,2,1,0
6527,2016,야,일,1,1,0,0,0,서울,강동구,차대사람,보도통행중,운전자법규위반,안전운전 의무 불이행,단일로,횡단보도상,승용차,중형,보행자,보행자,968946.0,1948631.0,127.14850049999998,37.53647497,3,4,20
6550,2016,주,금,1,1,0,0,0,서울,양천구,차대사람,보도통행중,운전자법규위반,안전운전 의무 불이행,단일로,기타단일로,승용차,중형,보행자,보행자,940584.0,1948701.0,126.8274814,37.53571405,3,8,34
6579,2016,야,토,1,1,0,0,0,서울,용산구,차대사람,보도통행중,운전자법규위반,안전운전 의무 불이행,단일로,교량위,승용차,중형,보행자,보행자,956034.0,1949553.0,127.0022989,37.54425976,3,2,20
6587,2016,주,수,1,1,0,0,0,서울,강북구,차대사람,보도통행중,운전자법규위반,중앙선 침범,단일로,기타단일로,승용차,중형,보행자,보행자,957486.0,1958657.0,127.01820659999998,37.62638422,3,9,40
6590,2016,야,월,1,1,0,0,0,서울,구로구,차대사람,보도통행중,운전자법규위반,안전운전 의무 불이행,단일로,횡단보도상,승용차,중형,보행자,보행자,941577.0,1943689.0,126.83911880000001,37.49060414,2,5,15
6643,2016,주,수,1,6,1,3,1,서울,강남구,차대차,측면직각충돌,운전자법규위반,신호위반,교차로,교차로내,승용차,중형,승용차,중형,962227.0,1943661.0,127.0727055,37.49142755,3,11,5
6663,2016,주,화,1,1,0,0,0,서울,동대문구,차대사람,보도통행중,운전자법규위반,안전운전 의무 불이행,단일로,횡단보도상,승용차,경형,보행자,보행자,959889.0,1953575.0,127.04571670000001,37.58068706,3,7,16
6685,2016,야,수,1,4,3,0,0,서울,광진구,차대차,측면직각충돌,운전자법규위반,신호위반,교차로,교차로내,승용차,중형,승용차,중형,962601.0,1951739.0,127.07652479999999,37.56425284,2,5,10
6708,2016,야,화,1,1,0,0,0,서울,은평구,차대사람,보도통행중,운전자법규위반,안전운전 의무 불이행,단일로,횡단보도부근,승합차,대형,보행자,보행자,948814.0,1958512.0,126.9199449,37.62463514,1,5,56
6709,2016,야,토,1,1,0,0,0,서울,강동구,차대사람,보도통행중,운전자법규위반,신호위반,교차로,교차로내,승합차,대형,보행자,보행자,970962.0,1950933.0,127.1712281,37.55728964,1,22,40
6828,2016,주,월,1,1,0,0,0,서울,노원구,차대사람,보도통행중,운전자법규위반,신호위반,교차로,교차로내,화물차,소형,보행자,보행자,963297.0,1957946.0,127.0840943,37.62022632,1,17,20
6903,2016,야,토,1,6,5,0,0,서울,영등포구,차대차,측면직각충돌,운전자법규위반,과속,단일로,기타단일로,승용차,중형,화물차,소형,945946.0,1949390.0,126.88811880000002,37.5422541,1,3,50
6921,2016,야,수,1,1,0,0,0,서울,중구,차대사람,보도통행중,운전자법규위반,안전운전 의무 불이행,단일로,기타단일로,승용차,중형,보행자,보행자,953362.0,1950773.0,126.9722753,37.55493928,1,0,30
6924,2016,주,금,1,1,0,0,0,서울,금천구,차대사람,보도통행중,운전자법규위반,안전운전 의무 불이행,교차로,교차로내,화물차,소형,보행자,보행자,946329.0,1942017.0,126.8929925,37.47582257,1,11,15
6929,2016,주,토,1,1,0,0,0,서울,은평구,차대사람,보도통행중,운전자법규위반,안전운전 의무 불이행,교차로,교차로부근,승용차,대형,보행자,보행자,949800.0,1956742.0,126.9312396,37.60873645,2,6,35
7023,2016,주,토,1,1,0,0,0,서울,강서구,차대사람,보도통행중,운전자법규위반,안전운전 의무 불이행,교차로,교차로부근,화물차,소형,보행자,보행자,944906.0,1950158.0,126.8762892,37.54911454,11,10,25
7036,2016,야,금,1,1,0,0,0,서울,송파구,차대사람,보도통행중,운전자법규위반,안전운전 의무 불이행,단일로,횡단보도상,승용차,중형,보행자,보행자,966136.0,1943977.0,127.11690929999999,37.49442746,12,0,43
7091,2016,주,금,1,1,0,0,0,서울,용산구,차대사람,보도통행중,운전자법규위반,안전운전 의무 불이행,교차로,교차로내,승용차,중형,보행자,보행자,952399.0,1949038.0,126.96118519999999,37.53943736,10,11,20
7096,2016,주,일,1,3,2,0,0,서울,중구,차대차,측면직각충돌,운전자법규위반,안전거리 미확보,교차로,교차로부근,승용차,대형,승용차,중형,953127.0,1951258.0,126.96928359999998,37.55948398,9,16,32
7164,2016,주,월,1,1,0,0,0,서울,중구,차대사람,보도통행중,운전자법규위반,안전운전 의무 불이행,단일로,기타단일로,건설기계,건설기계,보행자,보행자,953770.0,1951742.0,126.9765331,37.56387887,9,10,0
7176,2016,주,화,1,1,0,0,0,서울,광진구,차대사람,보도통행중,운전자법규위반,안전운전 의무 불이행,단일로,기타단일로,화물차,소형,보행자,보행자,963430.0,1948728.0,127.0860616,37.53714693,10,12,0
7180,2016,주,금,1,1,0,0,0,서울,금천구,차대차,측면직각충돌,운전자법규위반,안전거리 미확보,단일로,기타단일로,이륜차,소형,승합차,대형,946756.0,1941211.0,126.8979596,37.46878224,9,14,45
7182,2016,주,수,1,1,0,0,0,서울,광진구,차대사람,보도통행중,운전자법규위반,보행자 보호의무 위반,교차로,교차로내,화물차,중형,보행자,보행자,962319.0,1948626.0,127.0734916,37.53618281,10,9,12
7204,2016,야,목,1,1,0,0,0,서울,중구,차대사람,보도통행중,운전자법규위반,안전운전 의무 불이행,교차로,교차로부근,승용차,중형,보행자,보행자,956561.0,1951079.0,127.00817409999999,37.55803898,10,21,34
7210,2016,야,금,1,1,0,0,0,서울,중랑구,차대사람,보도통행중,운전자법규위반,보행자 보호의무 위반,교차로,교차로부근,승용차,중형,보행자,보행자,962884.0,1955045.0,127.07956159999999,37.59406226,10,20,35
7215,2016,주,수,1,1,0,0,0,서울,노원구,차대사람,보도통행중,운전자법규위반,안전운전 의무 불이행,교차로,교차로부근,화물차,중형,보행자,보행자,960635.0,1964394.0,127.05358249999999,37.67823303,10,12,35
7216,2016,야,월,1,1,0,0,0,서울,동대문구,차대사람,보도통행중,운전자법규위반,안전운전 의무 불이행,단일로,기타단일로,승용차,경형,보행자,보행자,960648.0,1953780.0,127.05430159999999,37.58256755,11,5,53
7270,2016,주,화,1,1,0,0,0,서울,용산구,차대사람,보도통행중,운전자법규위반,안전운전 의무 불이행,교차로,교차로내,승용차,중형,보행자,보행자,955952.0,1948373.0,127.0014415,37.53362019,10,6,2
7273,2016,야,일,1,1,0,0,0,서울,성동구,차대사람,보도통행중,운전자법규위반,과속,단일로,기타단일로,승용차,중형,보행자,보행자,958155.0,1951900.0,127.02521170000001,37.56498241,10,0,42
7300,2016,주,토,1,1,0,0,0,서울,서대문구,차대사람,보도통행중,운전자법규위반,안전운전 의무 불이행,단일로,기타단일로,승합차,대형,보행자,보행자,949128.0,1952038.0,126.92395309999999,37.56630201,10,14,50
7303,2016,주,월,1,1,0,0,0,서울,강서구,차대사람,보도통행중,운전자법규위반,안전운전 의무 불이행,단일로,기타단일로,승용차,경형,보행자,보행자,944363.0,1950610.0,126.870108,37.55315581,10,10,40
7314,2016,주,목,1,1,0,0,0,서울,금천구,차대사람,보도통행중,운전자법규위반,안전운전 의무 불이행,단일로,기타단일로,승합차,경형,보행자,보행자,946752.0,1942258.0,126.8977376,37.47798757,10,6,15
7325,2016,야,금,1,4,0,2,1,서울,서대문구,차대사람,보도통행중,운전자법규위반,과속,단일로,기타단일로,승용차,중형,보행자,보행자,949655.0,1951783.0,126.9299378,37.56403263,9,2,56
7340,2016,야,월,1,1,0,0,0,서울,도봉구,차대차,측면직각충돌,운전자법규위반,신호위반,교차로,교차로내,원동기장치자전거,원동기장치자전거,승용차,중형,960734.0,1960792.0,127.054899,37.64577192,10,18,59
7345,2016,주,목,1,1,0,0,0,서울,동작구,차대사람,보도통행중,운전자법규위반,보행자 보호의무 위반,교차로,교차로부근,화물차,소형,보행자,보행자,950482.0,1945357.0,126.9373967,37.50476318,10,16,15
7349,2016,야,월,1,1,0,0,0,서울,금천구,차대차,측면직각충돌,운전자법규위반,신호위반,교차로,교차로내,화물차,중형,자전거,자전거,946025.0,1940008.0,126.8897017,37.45769733,10,5,34
7390,2016,야,화,1,1,0,0,0,서울,용산구,차대사람,보도통행중,운전자법규위반,안전운전 의무 불이행,단일로,횡단보도상,승용차,중형,보행자,보행자,953094.0,1950618.0,126.96895090000001,37.55371386,9,18,45
7392,2016,야,수,1,1,0,0,0,서울,강동구,차대사람,보도통행중,운전자법규위반,안전운전 의무 불이행,단일로,기타단일로,승용차,중형,보행자,보행자,967912.0,1947789.0,127.13683370000001,37.52885024,9,5,55
7413,2016,야,화,1,1,0,0,0,서울,서초구,차대사람,보도통행중,운전자법규위반,안전운전 의무 불이행,단일로,기타단일로,승용차,중형,보행자,보행자,957354.0,1943006.0,127.01762099999999,37.48531156,10,5,20
7423,2016,야,수,1,1,0,0,0,서울,구로구,차대사람,보도통행중,운전자법규위반,안전운전 의무 불이행,교차로,교차로부근,승용차,중형,보행자,보행자,943065.0,1943791.0,126.85594209999998,37.49161644,9,1,48
7448,2016,야,월,1,1,0,0,0,서울,은평구,차대차,측면직각충돌,운전자법규위반,안전운전 의무 불이행,교차로,교차로내,자전거,자전거,화물차,소형,948463.0,1956799.0,126.9160882,37.60917622,10,5,45
7485,2016,야,토,1,1,0,0,0,서울,영등포구,차대사람,보도통행중,운전자법규위반,안전운전 의무 불이행,단일로,기타단일로,승용차,중형,보행자,보행자,947533.0,1944637.0,126.90601409999998,37.49957638,7,20,50
7488,2016,주,화,1,1,0,0,0,서울,성동구,차대사람,보도통행중,운전자법규위반,안전운전 의무 불이행,단일로,기타단일로,승용차,경형,보행자,보행자,957560.0,1950040.0,127.0195447,37.54872077,9,6,25
7495,2016,주,토,1,1,0,0,0,서울,강서구,차대차,측면직각충돌,운전자법규위반,신호위반,교차로,교차로내,이륜차,소형,승합차,대형,942086.0,1951145.0,126.8445032,37.55799275,1,11,10
7498,2016,야,목,1,1,0,0,0,서울,양천구,차대차,측면직각충돌,운전자법규위반,신호위반,교차로,교차로부근,자전거,자전거,자전거,자전거,944324.0,1947670.0,126.8698895,37.52665506,1,19,35
7564,2016,주,목,1,1,0,0,0,서울,동대문구,차대사람,보도통행중,운전자법규위반,안전운전 의무 불이행,단일로,기타단일로,화물차,소형,보행자,보행자,958488.0,1953577.0,127.0298498,37.58064296,1,12,5
7568,2016,주,화,1,1,0,0,0,서울,동작구,차대사람,보도통행중,운전자법규위반,안전운전 의무 불이행,단일로,기타단일로,화물차,소형,보행자,보행자,950493.0,1945431.0,126.9398545,37.50682634,1,13,46
7627,2016,주,일,1,2,1,0,0,서울,강북구,차대차,측면직각충돌,운전자법규위반,신호위반,교차로,교차로내,화물차,중형,원동기장치자전거,원동기장치자전거,958356.0,1958142.0,127.028095,37.62178228,4,7,10
7641,2016,주,금,1,2,0,1,0,서울,송파구,차대사람,보도통행중,운전자법규위반,보행자 보호의무 위반,단일로,횡단보도상,이륜차,소형,보행자,보행자,967034.0,1943214.0,127.12710200000001,37.48758267,11,16,5
7643,2016,주,일,1,1,0,0,0,서울,금천구,차대차,측면직각충돌,운전자법규위반,신호위반,교차로,교차로내,화물차,중형,이륜차,소형,946711.0,1939556.0,126.8974906,37.45366314,10,13,5
7673,2016,야,목,1,1,0,0,0,서울,종로구,차대사람,보도통행중,운전자법규위반,안전운전 의무 불이행,단일로,기타단일로,승합차,대형,보행자,보행자,954513.0,1952433.0,126.984903,37.57014399,2,22,34
7723,2016,야,금,1,1,0,0,0,서울,양천구,차대사람,보도통행중,운전자법규위반,과속,단일로,기타단일로,승용차,대형,보행자,보행자,943777.0,1948440.0,126.8636403,37.53356193,4,1,0
7768,2016,야,목,1,1,0,0,0,서울,은평구,차대사람,보도통행중,운전자법규위반,안전운전 의무 불이행,교차로,교차로부근,이륜차,소형,보행자,보행자,948375.0,1957804.0,126.9150202,37.61822937,12,18,33
7791,2016,야,금,1,1,0,0,0,서울,서초구,차대사람,보도통행중,운전자법규위반,안전운전 의무 불이행,단일로,기타단일로,승용차,중형,보행자,보행자,960815.0,1940012.0,127.05692739999999,37.45847867,3,23,35
7834,2016,주,화,1,1,0,0,0,서울,서대문구,차대사람,보도통행중,운전자법규위반,안전운전 의무 불이행,단일로,횡단보도부근,건설기계,건설기계,보행자,보행자,949644.0,1951961.0,126.929801,37.56563636,11,10,40
7880,2016,야,금,1,1,0,0,0,서울,도봉구,차대사람,보도통행중,운전자법규위반,과속,단일로,기타단일로,승용차,중형,보행자,보행자,959921.0,1965617.0,127.0454183,37.68922512,12,0,5
7886,2016,야,일,1,1,0,0,0,서울,동대문구,차대사람,보도통행중,운전자법규위반,안전운전 의무 불이행,단일로,횡단보도상,승합차,대형,보행자,보행자,960889.0,1954444.0,127.05699560000001,37.58856263,11,20,40
7899,2016,야,금,1,1,0,0,0,서울,송파구,차대사람,보도통행중,운전자법규위반,안전운전 의무 불이행,교차로,교차로내,승용차,대형,보행자,보행자,966117.0,1943682.0,127.1186118,37.49242113,12,4,25
7924,2016,야,금,1,1,0,0,0,서울,동작구,차대사람,보도통행중,운전자법규위반,안전운전 의무 불이행,교차로,교차로내,승용차,중형,보행자,보행자,950532.0,1946181.0,126.9402453,37.51358835,12,0,30
7953,2016,야,금,1,1,0,0,0,서울,동대문구,차대사람,보도통행중,운전자법규위반,안전운전 의무 불이행,교차로,교차로내,승용차,경형,보행자,보행자,961401.0,1952127.0,127.0629169,37.56770048,9,22,5
7964,2016,야,금,1,2,1,0,0,서울,성동구,차대사람,보도통행중,운전자법규위반,중앙선 침범,단일로,횡단보도상,승용차,경형,보행자,보행자,961629.0,1949977.0,127.06583619999999,37.54874863,11,21,50
7983,2016,주,토,1,1,0,0,0,서울,도봉구,차대사람,보도통행중,운전자법규위반,안전운전 의무 불이행,단일로,기타단일로,승합차,경형,보행자,보행자,959693.0,1963063.0,127.04292520000001,37.66614048,1,6,20
8002,2016,주,월,1,1,0,0,0,서울,강북구,차대차,측면직각충돌,운전자법규위반,안전운전 의무 불이행,교차로,교차로내,자전거,자전거,승용차,경형,959553.0,1959139.0,127.0416304,37.63071744,11,16,2
8013,2016,야,일,1,1,0,0,0,서울,성북구,차대사람,보도통행중,운전자법규위반,안전운전 의무 불이행,단일로,기타단일로,승용차,중형,보행자,보행자,958667.0,1954096.0,127.0318477,37.58532889,7,5,1
8034,2016,주,목,1,1,0,0,0,서울,강동구,차대차,측면직각충돌,운전자법규위반,신호위반,교차로,교차로내,특수차,소형,이륜차,중형,968519.0,1946491.0,127.1437591,37.5171717,2,10,12
8042,2016,야,금,1,3,1,1,0,서울,강남구,차대차,측면직각충돌,운전자법규위반,신호위반,교차로,교차로내,이륜차,중형,화물차,중형,965174.0,1941892.0,127.1061254,37.47559857,7,2,40
8074,2016,야,수,1,3,1,1,0,서울,강남구,차대차,측면직각충돌,운전자법규위반,신호위반,교차로,교차로내,이륜차,소형,승용차,중형,961758.0,1944720.0,127.0673452,37.50095345,12,1,50
8145,2016,야,일,1,2,1,0,0,서울,중구,차대사람,보도통행중,운전자법규위반,안전운전 의무 불이행,단일로,기타단일로,승용차,대형,보행자,보행자,956644.0,1951243.0,127.0091041,37.55952106,10,2,34
8232,2016,야,금,1,1,0,0,0,서울,종로구,차대사람,보도통행중,운전자법규위반,안전운전 의무 불이행,단일로,기타단일로,건설기계,건설기계,보행자,보행자,953649.0,1953051.0,126.9748821,37.57566926,12,3,37
8334,2016,야,토,1,1,0,0,0,서울,광진구,차대사람,보도통행중,운전자법규위반,안전운전 의무 불이행,단일로,기타단일로,승합차,대형,보행자,보행자,963461.0,1948058.0,127.08644579999999,37.53110919,9,1,15
8341,2016,주,금,1,4,0,2,1,서울,강남구,차대차,측면직각충돌,운전자법규위반,중앙선 침범,단일로,교량위,승용차,대형,승용차,중형,960850.0,1946844.0,127.05695959999998,37.5200598,10,6,40
8392,2016,야,토,1,1,0,0,0,서울,중구,차대사람,보도통행중,운전자법규위반,안전운전 의무 불이행,단일로,기타단일로,승합차,대형,보행자,보행자,957489.0,1951903.0,127.0185886,37.56571092,10,0,2
8434,2016,주,화,1,1,0,0,0,서울,중구,차대사람,보도통행중,운전자법규위반,안전운전 의무 불이행,단일로,기타단일로,화물차,소형,보행자,보행자,953535.0,1951656.0,126.9738777,37.56309191,12,6,50
8461,2016,주,목,1,1,0,0,0,서울,관악구,차대사람,보도통행중,운전자법규위반,안전운전 의무 불이행,교차로,교차로부근,화물차,소형,보행자,보행자,952761.0,1941772.0,126.96574960000001,37.47396561,2,14,30
8474,2016,주,수,1,3,0,2,0,서울,영등포구,차대차,측면직각충돌,운전자법규위반,안전운전 의무 불이행,단일로,기타단일로,승용차,중형,승용차,소형,946576.0,1949361.0,126.895252,37.54202946,1,8,20
8486,2016,야,토,1,1,0,0,0,서울,영등포구,차대사람,보도통행중,운전자법규위반,안전운전 의무 불이행,단일로,횡단보도상,승용차,중형,보행자,보행자,947124.0,1947616.0,126.9014625,37.52638665,1,0,30
8491,2016,주,목,1,2,0,1,0,서울,성북구,차대차,측면직각충돌,운전자법규위반,신호위반,교차로,교차로내,원동기장치자전거,원동기장치자전거,승용차,중형,957563.0,1955995.0,127.01901880000001,37.60252453,2,8,25
8567,2017,야,일,1,1,0,0,0,서울,송파구,차대사람,보도통행중,운전자법규위반,안전운전 의무 불이행,교차로,교차로부근,승용차,승용차,보행자,보행자,967570.0,1944453.0,127.13310700000001,37.49874052,1,2,28
8578,2017,야,월,1,1,0,0,0,서울,은평구,차대사람,보도통행중,운전자법규위반,보행자 보호의무 위반,교차로,교차로내,승용차,승용차,보행자,보행자,948413.0,1957900.0,126.915444,37.61909675,1,4,30
8586,2017,주,월,1,5,0,4,0,서울,금천구,차대차,측면충돌,운전자법규위반,신호위반,교차로,교차로내,승용차,승용차,승합차,승합차,947235.0,1938476.0,126.9034922,37.44395888,1,17,40
8602,2017,야,화,1,1,0,0,0,서울,관악구,차대사람,보도통행중,운전자법규위반,안전운전 의무 불이행,단일로,기타단일로,화물차,화물차,보행자,보행자,951809.0,1942583.0,126.9549303,37.48122622,1,18,5
8624,2017,야,금,1,1,0,0,0,서울,성동구,차대사람,보도통행중,운전자법규위반,안전운전 의무 불이행,단일로,기타단일로,화물차,화물차,보행자,보행자,958083.0,1949880.0,127.02547450000002,37.54730259,1,0,40
8626,2017,주,금,1,1,0,0,0,서울,성북구,차대사람,보도통행중,운전자법규위반,안전운전 의무 불이행,교차로,교차로내,화물차,화물차,보행자,보행자,959245.0,1955990.0,127.0381594,37.60244866,1,6,0
8645,2017,야,일,1,1,0,0,0,서울,영등포구,차대차,측면충돌,운전자법규위반,신호위반,교차로,교차로내,이륜차,이륜차,승용차,승용차,947101.0,1945442.0,126.9014769,37.50673726,1,0,40
8674,2017,야,화,1,2,0,1,0,서울,양천구,차대차,측면충돌,운전자법규위반,안전운전 의무 불이행,단일로,기타단일로,이륜차,이륜차,승합차,승합차,945525.0,1948772.0,126.88339930000001,37.53665923,1,22,0
8693,2017,주,금,1,1,0,0,0,서울,동작구,차대사람,보도통행중,운전자법규위반,신호위반,교차로,교차로내,승합차,승합차,보행자,보행자,949772.0,1946151.0,126.9316479,37.51327688,1,6,30
8695,2017,주,금,1,1,0,0,0,서울,서초구,차대사람,보도통행중,운전자법규위반,안전운전 의무 불이행,교차로,교차로부근,특수차,특수차,보행자,보행자,954182.0,1942122.0,126.98179809999999,37.47719185,1,11,45
8715,2017,주,일,1,1,0,0,0,서울,양천구,차대사람,보도통행중,운전자법규위반,신호위반,단일로,기타단일로,승용차,승용차,보행자,보행자,943719.0,1949882.0,126.8628733,37.5465552,1,9,35
8725,2017,주,월,1,1,0,0,0,서울,강서구,차대사람,보도통행중,운전자법규위반,안전운전 의무 불이행,단일로,기타단일로,승용차,승용차,보행자,보행자,942464.0,1949674.0,126.8486832,37.54460299,1,6,21
8739,2017,야,월,1,1,0,0,0,서울,관악구,차대사람,보도통행중,운전자법규위반,안전운전 의무 불이행,단일로,기타단일로,승용차,승용차,보행자,보행자,949781.0,1943312.0,126.93194369999999,37.48768884,1,20,53
8743,2017,주,화,1,1,0,0,0,서울,관악구,차대사람,보도통행중,운전자법규위반,안전운전 의무 불이행,단일로,기타단일로,승합차,승합차,보행자,보행자,948061.0,1941725.0,126.9126006,37.47328971,1,6,17
8765,2017,주,수,1,1,0,0,0,서울,서대문구,차대사람,보도통행중,운전자법규위반,안전운전 의무 불이행,단일로,기타단일로,승용차,승용차,보행자,보행자,949586.0,1952686.0,126.92909440000001,37.57216769,1,14,58
8794,2017,주,금,1,1,0,0,0,서울,영등포구,차대사람,보도통행중,운전자법규위반,보행자 보호의무 위반,교차로,교차로내,승용차,승용차,보행자,보행자,946822.0,1945294.0,126.898331,37.50538728,1,10,26
8795,2017,주,금,1,2,1,0,0,서울,광진구,차대차,측면충돌,운전자법규위반,중앙선 침범,단일로,기타단일로,승용차,승용차,이륜차,이륜차,962129.0,1950299.0,127.0712547,37.55125436,1,11,20
8816,2017,야,일,1,2,0,1,0,서울,동작구,차대차,측면충돌,운전자법규위반,신호위반,교차로,교차로내,승용차,승용차,승합차,승합차,947795.0,1943863.0,126.9094408,37.49254496,1,5,20
8856,2017,야,수,1,1,0,0,0,서울,강남구,차대사람,보도통행중,운전자법규위반,안전운전 의무 불이행,단일로,기타단일로,승용차,승용차,보행자,보행자,958275.0,1946800.0,127.027823,37.51955031,1,22,43
8858,2017,야,수,1,5,0,4,0,서울,송파구,차대차,측면충돌,운전자법규위반,안전운전 의무 불이행,단일로,기타단일로,승용차,승용차,승용차,승용차,968758.0,1945442.0,127.1465082,37.50772469,1,23,54
8860,2017,야,목,1,1,0,0,0,서울,동대문구,차대사람,보도통행중,운전자법규위반,안전운전 의무 불이행,교차로,교차로내,승용차,승용차,보행자,보행자,958831.0,1953318.0,127.0337489,37.57832394,1,2,59
8914,2017,야,수,1,1,0,0,0,서울,도봉구,차대사람,보도통행중,운전자법규위반,안전운전 의무 불이행,단일로,기타단일로,화물차,화물차,보행자,보행자,959876.0,1964315.0,127.0449797,37.6774881,2,18,55
8933,2017,야,금,1,1,0,0,0,서울,동대문구,차대사람,보도통행중,운전자법규위반,안전운전 의무 불이행,단일로,기타단일로,승용차,승용차,보행자,보행자,961948.0,1954633.0,127.06898059999999,37.59031055,2,0,18
9017,2017,주,토,1,1,0,0,0,서울,강남구,차대사람,보도통행중,운전자법규위반,안전운전 의무 불이행,교차로,교차로내,승용차,승용차,보행자,보행자,959803.0,1947177.0,127.04509329999999,37.5230162,2,10,10
9022,2017,야,일,1,1,0,0,0,서울,광진구,차대사람,보도통행중,운전자법규위반,과속,교차로,교차로내,승용차,승용차,보행자,보행자,963548.0,1951509.0,127.087259,37.56221774,2,2,40
9128,2017,야,목,1,1,0,0,0,서울,송파구,차대사람,보도통행중,운전자법규위반,신호위반,교차로,교차로내,승용차,승용차,보행자,보행자,968669.0,1944100.0,127.1455584,37.49562557,2,4,59
9131,2017,주,목,1,1,0,0,0,서울,은평구,차대사람,보도통행중,운전자법규위반,보행자 보호의무 위반,교차로,교차로횡단보도내,승합차,승합차,보행자,보행자,948723.0,1959621.0,126.91883590000002,37.63462549,2,12,59
9137,2017,주,금,1,1,0,0,0,서울,동작구,차대사람,보도통행중,운전자법규위반,안전운전 의무 불이행,교차로,교차로내,승용차,승용차,보행자,보행자,950312.0,1944217.0,126.93788870000002,37.49587455,2,10,45
9143,2017,야,금,1,4,1,1,1,서울,송파구,차대차,측면충돌,운전자법규위반,안전운전 의무 불이행,단일로,기타단일로,승용차,승용차,승용차,승용차,967459.0,1942040.0,127.1287793,37.47504547,2,20,23
9184,2017,야,수,1,3,2,0,0,서울,강남구,차대사람,보도통행중,운전자법규위반,과속,단일로,기타단일로,승용차,승용차,보행자,보행자,958821.0,1944637.0,127.03412279999999,37.50007897,3,1,15
9185,2017,야,수,1,1,0,0,0,서울,서대문구,차대차,측면충돌,운전자법규위반,안전거리 미확보,단일로,기타단일로,승용차,승용차,이륜차,이륜차,948581.0,1952405.0,126.9177337,37.56957943,3,2,30
9186,2017,야,수,1,1,0,0,0,서울,강동구,차대사람,보도통행중,운전자법규위반,과속,교차로,교차로횡단보도내,승용차,승용차,보행자,보행자,967500.0,1948568.0,127.12908440000001,37.53707988,3,5,15
9195,2017,주,목,1,2,0,1,0,서울,강동구,차대사람,보도통행중,운전자법규위반,보행자 보호의무 위반,단일로,기타단일로,자전거,자전거,보행자,보행자,967596.0,1948573.0,127.13322269999999,37.53590572,3,12,53
9244,2017,야,화,1,1,0,0,0,서울,관악구,차대사람,보도통행중,운전자법규위반,안전운전 의무 불이행,교차로,교차로부근,승용차,승용차,보행자,보행자,953680.0,1941775.0,126.97614250000001,37.47403919,3,5,19
9245,2017,주,화,1,1,0,0,0,서울,동대문구,차대차,측면충돌,운전자법규위반,안전운전 의무 불이행,교차로,교차로부근,자전거,자전거,건설기계,건설기계,961599.0,1955099.0,127.0650031,37.59449623,3,9,0
9271,2017,야,목,1,1,0,0,0,서울,강북구,차대차,측면충돌,운전자법규위반,신호위반,교차로,교차로횡단보도내,이륜차,이륜차,이륜차,이륜차,957920.0,1959440.0,127.0230797,37.633461499999996,3,23,35
9277,2017,주,금,1,1,0,0,0,서울,마포구,차대사람,보도통행중,운전자법규위반,안전운전 의무 불이행,교차로,교차로횡단보도내,특수차,특수차,보행자,보행자,948217.0,1950126.0,126.91377290000001,37.54901817,3,14,44
9365,2017,야,토,1,1,0,0,0,서울,서대문구,차대사람,보도통행중,운전자법규위반,안전운전 의무 불이행,단일로,기타단일로,승용차,승용차,보행자,보행자,947770.0,1952721.0,126.91358159999999,37.5701096,3,20,57
9370,2017,주,일,1,1,0,0,0,서울,마포구,차대차,측면충돌,운전자법규위반,신호위반,교차로,교차로내,승용차,승용차,원동기장치자전거,원동기장치자전거,948036.0,1950701.0,126.9116832,37.55419051,3,9,25
9403,2017,주,목,1,2,0,1,0,서울,광진구,차대차,측면충돌,운전자법규위반,차로위반(진로변경 위반),단일로,기타단일로,자전거,자전거,승합차,승합차,963633.0,1950821.0,127.08825549999999,37.55601992,3,8,35
9447,2017,주,수,1,1,0,0,0,서울,마포구,차대사람,보도통행중,운전자법규위반,안전운전 의무 불이행,단일로,기타단일로,승합차,승합차,보행자,보행자,948705.0,1950663.0,126.91925970000001,37.55388551,3,6,28
9479,2017,야,일,1,1,0,0,0,서울,서초구,차대사람,보도통행중,운전자법규위반,신호위반,교차로,교차로부근,승용차,승용차,보행자,보행자,959318.0,1941142.0,127.0399386,37.46859918,4,5,40
9510,2017,야,목,2,2,0,0,0,서울,광진구,차대차,측면충돌,운전자법규위반,중앙선 침범,단일로,기타단일로,원동기장치자전거,원동기장치자전거,승용차,승용차,962907.0,1952370.0,127.07995759999999,37.56995262,4,3,10
9528,2017,야,금,1,2,1,0,0,서울,도봉구,차대차,측면충돌,운전자법규위반,중앙선 침범,단일로,기타단일로,원동기장치자전거,원동기장치자전거,승용차,승용차,959416.0,1962701.0,127.0398531,37.66292069,4,21,0
9529,2017,야,금,1,1,0,0,0,서울,마포구,차대사람,보도통행중,운전자법규위반,과속,단일로,기타단일로,승용차,승용차,보행자,보행자,951232.0,1949215.0,126.9479643,37.54097168,4,23,35
9538,2017,야,일,1,1,0,0,0,서울,강동구,차대사람,보도통행중,운전자법규위반,과속,기타,기타,승용차,승용차,보행자,보행자,967956.0,1948384.0,127.1373057,37.53421477,4,2,27
9562,2017,야,화,1,4,1,2,0,서울,강동구,차대차,측면충돌,운전자법규위반,안전거리 미확보,단일로,기타단일로,화물차,화물차,승용차,승용차,971463.0,1950646.0,127.1769115,37.55471844,4,23,20
9631,2017,주,화,1,1,0,0,0,서울,성북구,차대사람,보도통행중,운전자법규위반,안전운전 의무 불이행,단일로,기타단일로,화물차,화물차,보행자,보행자,957382.0,1954586.0,127.01726529999999,37.58968674,4,16,48
9648,2017,주,금,1,1,0,0,0,서울,영등포구,차대사람,보도통행중,운전자법규위반,안전운전 의무 불이행,단일로,기타단일로,이륜차,이륜차,보행자,보행자,948348.0,1945997.0,126.9155463,37.51181022,4,8,18
9667,2017,야,월,1,1,0,0,0,서울,강동구,차대차,측면충돌,운전자법규위반,안전운전 의무 불이행,교차로,교차로횡단보도내,자전거,자전거,승용차,승용차,968066.0,1948351.0,127.1385521,37.53392114,4,5,30
9709,2017,야,금,1,1,0,0,0,서울,영등포구,차대사람,보도통행중,운전자법규위반,안전운전 의무 불이행,단일로,교량위,승합차,승합차,보행자,보행자,945947.0,1948123.0,126.88822340000002,37.53083457,4,0,6
9809,2017,주,토,1,2,0,1,0,서울,동작구,차대차,측면충돌,운전자법규위반,신호위반,교차로,교차로부근,원동기장치자전거,원동기장치자전거,승합차,승합차,949566.0,1946147.0,126.9293173,37.51322959,5,14,18
9815,2017,야,토,1,1,0,0,0,서울,성동구,차대사람,보도통행중,운전자법규위반,안전운전 의무 불이행,교차로,교차로횡단보도내,화물차,화물차,보행자,보행자,959285.0,1951076.0,127.03901499999999,37.55813638,5,22,20
9902,2017,주,월,1,1,0,0,0,서울,마포구,차대사람,보도통행중,운전자법규위반,안전운전 의무 불이행,교차로,교차로횡단보도내,승용차,승용차,보행자,보행자,949789.0,1949995.0,126.9315774,37.54792445,5,8,20
9909,2017,주,월,1,2,0,1,0,서울,도봉구,차대사람,보도통행중,운전자법규위반,안전운전 의무 불이행,교차로,교차로횡단보도내,승용차,승용차,보행자,보행자,960613.0,1961615.0,127.0534831,37.65318457,5,16,45
9915,2017,야,화,1,1,0,0,0,서울,송파구,차대사람,보도통행중,운전자법규위반,안전운전 의무 불이행,교차로,교차로횡단보도내,승용차,승용차,보행자,보행자,968138.0,1944089.0,127.13955190000001,37.49550824,5,2,16
9941,2017,주,목,1,1,0,0,0,서울,동작구,차대사람,보도통행중,운전자법규위반,안전운전 의무 불이행,단일로,기타단일로,승용차,승용차,보행자,보행자,951376.0,1944761.0,126.94988909999998,37.50083442,5,6,14
9953,2017,야,목,1,1,0,0,0,서울,강남구,차대차,측면충돌,운전자법규위반,신호위반,교차로,교차로부근,승용차,승용차,이륜차,이륜차,959952.0,1947309.0,127.0467723,37.52421245,5,22,28
10007,2017,주,화,1,1,0,0,0,서울,광진구,차대사람,보도통행중,운전자법규위반,안전운전 의무 불이행,단일로,기타단일로,화물차,화물차,보행자,보행자,963824.0,1949567.0,127.0904798,37.54472469,5,9,10
10074,2017,주,월,1,1,0,0,0,서울,성북구,차대사람,보도통행중,운전자법규위반,안전운전 의무 불이행,단일로,기타단일로,화물차,화물차,보행자,보행자,957945.0,1956683.0,127.02352169999999,37.60861334,5,11,10
10111,2017,야,목,1,1,0,0,0,서울,동작구,차대사람,보도통행중,운전자법규위반,안전운전 의무 불이행,단일로,기타단일로,승합차,승합차,보행자,보행자,947346.0,1943191.0,126.90440990000002,37.486462599999996,6,23,55
10155,2017,주,월,1,1,0,0,0,서울,강동구,차대사람,보도통행중,운전자법규위반,안전운전 의무 불이행,단일로,기타단일로,화물차,화물차,보행자,보행자,970400.0,1950977.0,127.1648634,37.55766834,6,16,5
10180,2017,야,금,1,1,0,0,0,서울,강남구,차대차,측면충돌,운전자법규위반,신호위반,교차로,교차로내,이륜차,이륜차,승용차,승용차,960084.0,1941711.0,127.04857,37.47376123,6,1,20
10245,2017,주,목,1,1,0,0,0,서울,금천구,차대사람,보도통행중,운전자법규위반,기타(운전자법규위반),단일로,기타단일로,승합차,승합차,보행자,보행자,947218.0,1937937.0,126.9023081,37.43946592,6,15,25
10272,2017,주,토,1,1,0,0,0,서울,강서구,차대차,측면충돌,운전자법규위반,부당한 회전,단일로,기타단일로,자전거,자전거,승합차,승합차,939664.0,1952626.0,126.8167459,37.5710301,6,11,55
10298,2017,주,화,1,2,1,0,0,서울,송파구,차대차,측면충돌,운전자법규위반,안전운전 의무 불이행,교차로,교차로횡단보도내,승합차,승합차,자전거,자전거,965808.0,1944341.0,127.11318190000001,37.49769627,6,8,40
10303,2017,주,화,1,1,0,0,0,서울,용산구,차대사람,보도통행중,운전자법규위반,안전운전 의무 불이행,단일로,기타단일로,승용차,승용차,보행자,보행자,952936.0,1947426.0,126.9673669,37.52493562,6,11,53
10309,2017,야,수,1,1,0,0,0,서울,광진구,차대사람,보도통행중,운전자법규위반,안전운전 의무 불이행,단일로,기타단일로,승용차,승용차,보행자,보행자,962289.0,1949613.0,127.0731013,37.54507777,6,1,40
10310,2017,야,수,1,1,0,0,0,서울,서초구,차대사람,보도통행중,운전자법규위반,안전운전 의무 불이행,단일로,기타단일로,승용차,승용차,보행자,보행자,957862.0,1945076.0,127.0232483,37.50399254,6,1,5
10335,2017,야,금,1,1,0,0,0,서울,강동구,차대사람,보도통행중,운전자법규위반,신호위반,교차로,교차로내,화물차,화물차,보행자,보행자,967765.0,1950338.0,127.135058,37.55182032,6,19,45
10371,2017,야,화,1,1,0,0,0,서울,서초구,차대사람,보도통행중,운전자법규위반,안전운전 의무 불이행,단일로,기타단일로,승용차,승용차,보행자,보행자,958918.0,1941952.0,127.03537,37.47588234,6,22,30
10385,2017,야,수,1,2,0,1,0,서울,서대문구,차대차,측면충돌,운전자법규위반,안전운전 의무 불이행,단일로,기타단일로,이륜차,이륜차,이륜차,이륜차,949058.0,1953280.0,126.9230741,37.5774924,6,23,20
10390,2017,야,목,1,1,0,0,0,서울,강서구,차대사람,보도통행중,운전자법규위반,안전운전 의무 불이행,단일로,기타단일로,승용차,승용차,보행자,보행자,941444.0,1949265.0,126.837825,37.54102735,6,3,10
10408,2017,주,금,1,2,1,0,0,서울,영등포구,차대차,측면충돌,운전자법규위반,중앙선 침범,단일로,교량위,이륜차,이륜차,화물차,화물차,947576.0,1946355.0,126.90678590000002,37.51499339,6,17,2
10427,2017,주,일,1,1,0,0,0,서울,서초구,차대사람,보도통행중,운전자법규위반,안전운전 의무 불이행,단일로,기타단일로,승용차,승용차,보행자,보행자,959337.0,1942272.0,127.04009099999999,37.47878517,7,13,30
10428,2017,야,월,1,1,0,0,0,서울,송파구,차대사람,보도통행중,운전자법규위반,안전운전 의무 불이행,교차로,교차로부근,승합차,승합차,보행자,보행자,967016.0,1941876.0,127.1269584,37.47552196,7,0,56
10438,2017,주,월,1,1,0,0,0,서울,종로구,차대사람,보도통행중,운전자법규위반,안전운전 의무 불이행,단일로,기타단일로,화물차,화물차,보행자,보행자,953362.0,1953332.0,126.9718123,37.57818924,7,13,51
10465,2017,야,수,1,1,0,0,0,서울,구로구,차대사람,보도통행중,운전자법규위반,안전운전 의무 불이행,단일로,기타단일로,화물차,화물차,보행자,보행자,942274.0,1944453.0,126.84694280000001,37.49753399,7,22,42
10478,2017,야,목,1,1,0,0,0,서울,서대문구,차대차,측면충돌,운전자법규위반,신호위반,교차로,교차로내,승합차,승합차,이륜차,이륜차,947556.0,1952942.0,126.90608870000001,37.57436163,7,21,35
10528,2017,야,화,1,1,0,0,0,서울,영등포구,차대사람,보도통행중,운전자법규위반,과속,단일로,기타단일로,이륜차,이륜차,보행자,보행자,946689.0,1947064.0,126.8966979,37.52133287,7,23,37
10544,2017,야,수,1,2,1,0,0,서울,노원구,차대사람,보도통행중,운전자법규위반,안전운전 의무 불이행,단일로,기타단일로,승용차,승용차,보행자,보행자,961281.0,1963894.0,127.0609348,37.67375396,7,21,10
10554,2017,주,목,1,1,0,0,0,서울,성동구,차대차,측면충돌,운전자법규위반,안전운전 의무 불이행,교차로,교차로내,자전거,자전거,승용차,승용차,961297.0,1949361.0,127.06188519999999,37.54276527,7,15,15
10565,2017,주,금,1,1,0,0,0,서울,은평구,차대차,측면충돌,운전자법규위반,안전운전 의무 불이행,교차로,교차로부근,이륜차,이륜차,건설기계,건설기계,946064.0,1954219.0,126.8890992,37.58578506,7,12,10
10569,2017,야,금,1,1,0,0,0,서울,강동구,차대사람,보도통행중,운전자법규위반,안전운전 의무 불이행,단일로,기타단일로,승용차,승용차,보행자,보행자,966461.0,1949442.0,127.12033629999999,37.54369777,7,22,25
10607,2017,주,화,1,2,1,0,0,서울,서초구,차대사람,보도통행중,운전자법규위반,보행자 보호의무 위반,단일로,기타단일로,승용차,승용차,보행자,보행자,955344.0,1944813.0,126.99477649999999,37.50150363,7,12,13
10624,2017,야,목,1,1,0,0,0,서울,도봉구,차대차,측면충돌,운전자법규위반,안전운전 의무 불이행,교차로,교차로부근,승용차,승용차,자전거,자전거,959420.0,1963582.0,127.0398494,37.67086143,7,0,35
10650,2017,야,토,1,1,0,0,0,서울,서초구,차대사람,보도통행중,운전자법규위반,안전운전 의무 불이행,단일로,기타단일로,승용차,승용차,보행자,보행자,957842.0,1945085.0,127.02302150000001,37.50407275,7,3,0
10657,2017,야,토,1,1,0,0,0,서울,서초구,차대사람,보도통행중,운전자법규위반,안전운전 의무 불이행,단일로,기타단일로,승용차,승용차,보행자,보행자,956336.0,1944106.0,127.0060412,37.49517867,7,20,26
10713,2017,야,금,1,1,0,0,0,서울,동대문구,차대차,측면충돌,운전자법규위반,과속,단일로,기타단일로,승용차,승용차,자전거,자전거,961568.0,1952419.0,127.0647926,37.57033935,7,4,28
10763,2017,주,화,1,1,0,0,0,서울,구로구,차대사람,보도통행중,운전자법규위반,안전운전 의무 불이행,교차로,교차로부근,승합차,승합차,보행자,보행자,942717.0,1944514.0,126.8519494,37.49811138,8,17,17
10767,2017,주,수,1,1,0,0,0,서울,성동구,차대차,측면충돌,운전자법규위반,중앙선 침범,단일로,기타단일로,자전거,자전거,승용차,승용차,961490.0,1949945.0,127.06403929999999,37.54803715,8,6,40
10869,2017,야,목,1,1,0,0,0,서울,동대문구,차대사람,보도통행중,운전자법규위반,안전운전 의무 불이행,단일로,기타단일로,승합차,승합차,보행자,보행자,953936.0,1952044.0,126.9783937,37.56660917,8,21,55
10886,2017,주,토,1,1,0,0,0,서울,강동구,차대차,측면충돌,운전자법규위반,부당한 회전,교차로,교차로내,자전거,자전거,화물차,화물차,967195.0,1948707.0,127.12867790000001,37.53709933,8,11,10
10908,2017,주,화,1,1,0,0,0,서울,금천구,차대사람,보도통행중,운전자법규위반,신호위반,교차로,교차로내,승용차,승용차,보행자,보행자,947195.0,1938965.0,126.90300500000001,37.44836408,8,12,55
10965,2017,야,월,1,1,0,0,0,서울,동대문구,차대사람,보도통행중,운전자법규위반,안전운전 의무 불이행,교차로,교차로횡단보도내,화물차,화물차,보행자,보행자,960581.0,1953899.0,127.05353640000001,37.58363726,8,4,45
10968,2017,주,월,1,1,0,0,0,서울,성북구,차대사람,보도통행중,운전자법규위반,보행자 보호의무 위반,단일로,기타단일로,승용차,승용차,보행자,보행자,959178.0,1957125.0,127.03746629999999,37.61265275,8,9,10
11000,2017,주,수,1,1,0,0,0,서울,성동구,차대차,측면충돌,운전자법규위반,안전운전 의무 불이행,교차로,교차로내,승용차,승용차,이륜차,이륜차,959805.0,1949652.0,127.0449804,37.54532428,8,16,50
11021,2017,주,금,1,1,0,0,0,서울,동작구,차대차,측면충돌,운전자법규위반,신호위반,교차로,교차로내,화물차,화물차,원동기장치자전거,원동기장치자전거,948771.0,1944670.0,126.9204249,37.4998733,8,15,40
11050,2017,야,월,1,1,0,0,0,서울,광진구,차대차,측면충돌,운전자법규위반,안전거리 미확보,기타,기타,개인형이동수단(PM),개인형이동수단(PM),승용차,승용차,962376.0,1951370.0,127.073996,37.56091775,8,2,5
11080,2017,주,수,1,1,0,0,0,서울,동대문구,차대사람,보도통행중,운전자법규위반,보행자 보호의무 위반,단일로,기타단일로,건설기계,건설기계,보행자,보행자,959804.0,1953223.0,127.0447733,37.57751069,8,13,58
11090,2017,주,목,1,1,0,0,0,서울,성북구,차대차,측면충돌,운전자법규위반,안전거리 미확보,단일로,기타단일로,건설기계,건설기계,원동기장치자전거,원동기장치자전거,958405.0,1956549.0,127.0287409,37.60742649,8,14,33
11147,2017,주,화,1,1,0,0,0,서울,중랑구,차대사람,보도통행중,운전자법규위반,안전운전 의무 불이행,단일로,기타단일로,화물차,화물차,보행자,보행자,965204.0,1955758.0,127.1058074,37.60057944,9,8,20
11185,2017,야,토,1,2,1,0,0,서울,성북구,차대사람,보도통행중,운전자법규위반,안전운전 의무 불이행,단일로,기타단일로,승용차,승용차,보행자,보행자,960550.0,1956684.0,127.0530351,37.60873782,9,4,35
11303,2017,야,월,1,2,1,0,0,서울,동대문구,차대차,측면충돌,운전자법규위반,안전운전 의무 불이행,교차로,교차로부근,이륜차,이륜차,승용차,승용차,960259.0,1953943.0,127.0498871,37.58402,9,18,23
11415,2017,주,월,1,1,0,0,0,서울,종로구,차대사람,보도통행중,운전자법규위반,신호위반,교차로,교차로부근,건설기계,건설기계,보행자,보행자,954998.0,1953236.0,126.9903456,37.57740542,9,11,56
11418,2017,주,월,1,1,0,0,0,서울,성북구,차대차,측면충돌,운전자법규위반,신호위반,교차로,교차로내,원동기장치자전거,원동기장치자전거,승용차,승용차,957949.0,1954216.0,127.0237088,37.58637794,9,14,39
11426,2017,야,화,1,1,0,0,0,서울,영등포구,차대사람,보도통행중,운전자법규위반,안전운전 의무 불이행,단일로,기타단일로,화물차,화물차,보행자,보행자,947908.0,1945765.0,126.91058429999998,37.50969443,9,5,35
11442,2017,야,화,1,2,1,0,0,서울,동작구,차대사람,보도통행중,운전자법규위반,기타(운전자법규위반),단일로,기타단일로,승용차,승용차,보행자,보행자,952804.0,1945452.0,126.9658658,37.50689635,9,21,5
11458,2017,야,수,1,1,0,0,0,서울,중구,차대사람,보도통행중,운전자법규위반,안전운전 의무 불이행,단일로,기타단일로,승용차,승용차,보행자,보행자,955436.0,1951483.0,126.9954125,37.56162658,9,21,28
11471,2017,야,금,1,1,0,0,0,서울,강남구,차대사람,보도통행중,운전자법규위반,신호위반,교차로,교차로부근,승용차,승용차,보행자,보행자,958912.0,1946342.0,127.03505690000001,37.515450799999996,9,5,10
11523,2017,야,월,1,1,0,0,0,서울,서대문구,차대사람,보도통행중,운전자법규위반,보행자 보호의무 위반,단일로,기타단일로,승합차,승합차,보행자,보행자,950350.0,1954550.0,126.93761940000002,37.58900965,10,5,2
11537,2017,야,수,1,1,0,0,0,서울,강북구,차대차,측면충돌,운전자법규위반,안전운전 의무 불이행,단일로,기타단일로,승용차,승용차,승용차,승용차,957017.0,1958336.0,127.0129107,37.62346918,10,2,20
11554,2017,야,금,1,2,0,1,0,서울,용산구,차대사람,보도통행중,운전자법규위반,안전운전 의무 불이행,단일로,기타단일로,승용차,승용차,보행자,보행자,954493.0,1946851.0,126.9850227,37.51983114,10,20,24
11605,2017,야,수,1,1,0,0,0,서울,양천구,차대차,측면충돌,운전자법규위반,안전운전 의무 불이행,교차로,교차로부근,승용차,승용차,자전거,자전거,941373.0,1947211.0,126.8365304,37.52233518,10,5,20
11625,2017,주,금,1,1,0,0,0,서울,동대문구,차대사람,보도통행중,운전자법규위반,신호위반,기타,기타,화물차,화물차,보행자,보행자,961620.0,1954717.0,127.065261,37.59105404,10,10,40
11629,2017,주,금,1,1,0,0,0,서울,양천구,차대사람,보도통행중,운전자법규위반,보행자 보호의무 위반,단일로,기타단일로,승용차,승용차,보행자,보행자,944431.0,1946407.0,126.871196,37.51527798,10,17,0
11671,2017,야,일,1,1,0,0,0,서울,서초구,차대사람,보도통행중,운전자법규위반,안전운전 의무 불이행,단일로,기타단일로,승용차,승용차,보행자,보행자,960514.0,1940176.0,127.0535152,37.45994407,10,21,35
11684,2017,야,월,1,1,0,0,0,서울,은평구,차대차,측면충돌,운전자법규위반,신호위반,교차로,교차로횡단보도내,원동기장치자전거,원동기장치자전거,승용차,승용차,949049.0,1956510.0,126.92274740000002,37.60660411,10,21,58
11685,2017,야,화,1,1,0,0,0,서울,마포구,차대사람,보도통행중,운전자법규위반,과속,단일로,기타단일로,승용차,승용차,보행자,보행자,947710.0,1951820.0,126.90791270000001,37.56425772,10,0,17
11688,2017,야,화,1,2,1,0,0,서울,동작구,차대차,측면충돌,운전자법규위반,신호위반,교차로,교차로내,승용차,승용차,원동기장치자전거,원동기장치자전거,948222.0,1944303.0,126.91423999999999,37.49653482,10,5,50
11798,2017,야,화,1,1,0,0,0,서울,강남구,차대사람,보도통행중,운전자법규위반,과속,단일로,기타단일로,승용차,승용차,보행자,보행자,959865.0,1944132.0,127.0459612,37.4955732,10,0,20
11805,2017,주,화,1,1,0,0,0,서울,서대문구,차대사람,보도통행중,운전자법규위반,안전운전 의무 불이행,단일로,기타단일로,건설기계,건설기계,보행자,보행자,951159.0,1954923.0,126.94675759999998,37.59241484,10,11,0
11877,2017,야,월,1,1,0,0,0,서울,광진구,차대사람,보도통행중,운전자법규위반,안전운전 의무 불이행,교차로,교차로내,화물차,화물차,보행자,보행자,963625.0,1950866.0,127.08816270000001,37.55642521,10,1,28
11883,2017,주,월,1,1,0,0,0,서울,강북구,차대사람,보도통행중,운전자법규위반,안전운전 의무 불이행,교차로,교차로부근,건설기계,건설기계,보행자,보행자,959345.0,1958899.0,127.0392598,37.62864955,10,11,25
11884,2017,주,월,1,1,0,0,0,서울,은평구,차대사람,보도통행중,운전자법규위반,보행자 보호의무 위반,교차로,교차로내,승용차,승용차,보행자,보행자,950164.0,1959937.0,126.9351456,37.63755292,10,15,34
11886,2017,주,월,1,1,0,0,0,서울,강남구,차대차,측면충돌,운전자법규위반,안전운전 의무 불이행,단일로,기타단일로,승용차,승용차,승용차,승용차,960990.0,1946503.0,127.0585619,37.51699217,10,16,23
11893,2017,야,화,1,1,0,0,0,서울,동작구,차대사람,보도통행중,운전자법규위반,보행자 보호의무 위반,교차로,교차로부근,화물차,화물차,보행자,보행자,953984.0,1952006.0,126.94272279999998,37.49539269,10,4,53
11962,2017,야,토,1,1,0,0,0,서울,영등포구,차대사람,보도통행중,운전자법규위반,안전운전 의무 불이행,단일로,기타단일로,승용차,승용차,보행자,보행자,947584.0,1946849.0,126.9069213,37.5196162,11,23,9
11971,2017,야,일,1,1,0,0,0,서울,영등포구,차대사람,보도통행중,운전자법규위반,안전운전 의무 불이행,교차로,교차로부근,승용차,승용차,보행자,보행자,948423.0,1946681.0,126.91634690000001,37.51797943,11,23,9
11976,2017,주,월,1,1,0,0,0,서울,영등포구,차대사람,보도통행중,운전자법규위반,안전운전 의무 불이행,단일로,기타단일로,승합차,승합차,보행자,보행자,947084.0,1946315.0,126.9012217,37.51460477,11,11,0
11996,2017,주,화,1,1,0,0,0,서울,구로구,차대사람,보도통행중,운전자법규위반,안전운전 의무 불이행,단일로,기타단일로,승합차,승합차,보행자,보행자,945623.0,1943361.0,126.88490890000001,37.48789498,11,17,19
12003,2017,야,수,1,1,0,0,0,서울,성북구,차대차,측면충돌,운전자법규위반,중앙선 침범,교차로,교차로횡단보도내,자전거,자전거,화물차,화물차,961190.0,1957126.0,127.06026259999999,37.61274891,11,4,15
12005,2017,주,수,1,1,0,0,0,서울,송파구,차대사람,보도통행중,운전자법규위반,안전운전 의무 불이행,단일로,기타단일로,건설기계,건설기계,보행자,보행자,966981.0,1942338.0,127.12654180000001,37.47968495,11,10,17
12020,2017,야,목,1,1,0,0,0,서울,송파구,차대사람,보도통행중,운전자법규위반,안전운전 의무 불이행,단일로,기타단일로,승합차,승합차,보행자,보행자,965141.0,1945371.0,127.1055874,37.50695518,11,18,20
12021,2017,야,목,1,1,0,0,0,서울,송파구,차대사람,보도통행중,운전자법규위반,안전운전 의무 불이행,교차로,교차로횡단보도내,승용차,승용차,보행자,보행자,965258.0,1945244.0,127.10691709999999,37.50581488,11,18,50
12058,2017,야,월,1,1,0,0,0,서울,강남구,차대차,측면충돌,운전자법규위반,신호위반,교차로,교차로내,승합차,승합차,이륜차,이륜차,960395.0,1946386.0,127.0518354,37.51591225,11,0,25
12101,2017,주,목,1,1,0,0,0,서울,은평구,차대사람,보도통행중,운전자법규위반,안전운전 의무 불이행,단일로,기타단일로,승합차,승합차,보행자,보행자,945652.0,1954633.0,126.88440220000001,37.5894922,11,6,0
12157,2017,야,화,1,1,0,0,0,서울,성북구,차대사람,보도통행중,운전자법규위반,안전운전 의무 불이행,교차로,교차로내,승용차,승용차,보행자,보행자,956821.0,1956482.0,127.01079920000001,37.60674959,11,5,44
12280,2017,야,목,1,1,0,0,0,서울,노원구,차대사람,보도통행중,운전자법규위반,안전운전 의무 불이행,교차로,교차로내,승합차,승합차,보행자,보행자,962856.0,1957763.0,127.0791064,37.61855918,11,18,25
12283,2017,야,목,1,1,0,0,0,서울,은평구,차대사람,보도통행중,운전자법규위반,안전운전 의무 불이행,단일로,기타단일로,승합차,승합차,보행자,보행자,949754.0,1956835.0,126.93071200000001,37.60957215,11,22,50
12288,2017,야,금,1,1,0,0,0,서울,강서구,차대사람,보도통행중,운전자법규위반,보행자 보호의무 위반,교차로,교차로횡단보도내,화물차,화물차,보행자,보행자,941162.0,1949185.0,126.8339845,37.54011342,12,5,24
12309,2017,야,토,1,1,0,0,0,서울,성북구,차대사람,보도통행중,운전자법규위반,안전운전 의무 불이행,교차로,교차로부근,화물차,화물차,보행자,보행자,959060.0,1954916.0,127.036253,37.59273731,12,19,57
12313,2017,야,일,1,2,1,0,0,서울,용산구,차대사람,보도통행중,운전자법규위반,과속,단일로,기타단일로,승용차,승용차,보행자,보행자,954901.0,1946818.0,126.9896417,37.51955374,12,4,12
12358,2017,주,목,1,1,0,0,0,서울,송파구,차대사람,보도통행중,운전자법규위반,신호위반,교차로,교차로횡단보도내,건설기계,건설기계,보행자,보행자,965739.0,1946545.0,127.1122986,37.51755935,12,14,24
12387,2017,야,토,1,1,0,0,0,서울,동작구,차대사람,보도통행중,운전자법규위반,안전운전 의무 불이행,단일로,기타단일로,승용차,승용차,보행자,보행자,951479.0,1946103.0,126.95073020000001,37.51280562,12,5,45
12396,2017,야,일,1,1,0,0,0,서울,구로구,차대사람,보도통행중,운전자법규위반,안전운전 의무 불이행,교차로,교차로내,승용차,승용차,보행자,보행자,942263.0,1944906.0,126.8467828,37.50161622,12,3,8
12416,2017,야,화,1,1,0,0,0,서울,동대문구,차대차,측면충돌,운전자법규위반,안전운전 의무 불이행,교차로,교차로부근,이륜차,이륜차,화물차,화물차,957891.0,1952985.0,127.02312260000001,37.57528,12,19,10
12419,2017,야,수,1,1,0,0,0,서울,중랑구,차대사람,보도통행중,운전자법규위반,안전운전 의무 불이행,단일로,기타단일로,승용차,승용차,보행자,보행자,963109.0,1954784.0,127.08212340000001,37.59171885,12,0,35
12431,2017,주,목,1,1,0,0,0,서울,동작구,차대차,측면충돌,운전자법규위반,안전운전 의무 불이행,교차로,교차로횡단보도내,자전거,자전거,승합차,승합차,950412.0,1945183.0,126.93895479999999,37.50458671,12,14,40
12469,2017,야,월,1,1,0,0,0,서울,강북구,차대사람,보도통행중,운전자법규위반,안전운전 의무 불이행,단일로,기타단일로,승용차,승용차,보행자,보행자,957448.0,1959239.0,127.01774209999999,37.63162811,12,0,58
12528,2017,야,금,1,1,0,0,0,서울,성동구,차대차,측면충돌,운전자법규위반,중앙선 침범,단일로,기타단일로,이륜차,이륜차,승용차,승용차,958864.0,1950827.0,127.0342625,37.55587337,12,19,19
12588,2017,야,수,1,1,0,0,0,서울,은평구,차대사람,보도통행중,운전자법규위반,신호위반,단일로,기타단일로,화물차,화물차,보행자,보행자,948437.0,1954788.0,126.91593529999999,37.59104953,12,18,0
12593,2017,야,수,1,1,0,0,0,서울,송파구,차대사람,보도통행중,운전자법규위반,과속,단일로,기타단일로,승용차,승용차,보행자,보행자,962356.0,1945860.0,127.07405220000001,37.51125332,12,22,24
12631,2018,주,수,1,1,0,0,0,서울,서대문구,차대사람,보도통행중,운전자법규위반,안전운전 의무 불이행,단일로,기타단일로,승용차,승용차,보행자,보행자,950497.0,1954702.0,126.93927409999999,37.59038756,2,6,35
12632,2018,야,일,1,1,0,0,0,서울,용산구,차대사람,보도통행중,운전자법규위반,안전운전 의무 불이행,교차로,교차로횡단보도내,승용차,승용차,보행자,보행자,953337.0,1950150.0,126.9717317,37.54950802,9,5,23
12636,2018,야,일,1,1,0,0,0,서울,강북구,차대사람,보도통행중,운전자법규위반,안전운전 의무 불이행,단일로,기타단일로,승용차,승용차,보행자,보행자,957823.0,1957100.0,127.0221154,37.61236625,12,4,19
12637,2018,주,월,1,1,0,0,0,서울,광진구,차대사람,보도통행중,운전자법규위반,신호위반,단일로,기타단일로,화물차,화물차,보행자,보행자,963182.0,1948990.0,127.0832413,37.53949856,1,7,17
12638,2018,야,금,1,1,0,0,0,서울,마포구,차대사람,보도통행중,운전자법규위반,과속,단일로,기타단일로,승용차,승용차,보행자,보행자,951656.0,1949822.0,126.9527236,37.54646503,5,4,47
12639,2018,야,화,1,1,0,0,0,서울,영등포구,차대사람,보도통행중,운전자법규위반,안전운전 의무 불이행,단일로,기타단일로,승용차,승용차,보행자,보행자,947686.0,1946843.0,126.90799579999998,37.51939806,4,23,50
12640,2018,주,일,1,1,0,0,0,서울,영등포구,차대사람,보도통행중,운전자법규위반,신호위반,교차로,교차로내,승합차,승합차,보행자,보행자,946758.0,1944726.0,126.8976481,37.50026411,2,7,7
12644,2018,주,화,1,1,0,0,0,서울,동작구,차대사람,보도통행중,운전자법규위반,안전운전 의무 불이행,교차로,교차로횡단보도내,승용차,승용차,보행자,보행자,950276.0,1945198.0,126.93741509999998,37.50471459,2,12,0
12645,2018,야,토,1,1,0,0,0,서울,중랑구,차대사람,보도통행중,운전자법규위반,신호위반,단일로,기타단일로,자전거,자전거,보행자,보행자,963551.0,1954643.0,127.08713700000001,37.59046559,8,21,30
12649,2018,야,화,1,1,0,0,0,서울,강서구,차대사람,보도통행중,운전자법규위반,신호위반,교차로,교차로내,승합차,승합차,보행자,보행자,944291.0,1950110.0,126.86933090000001,37.54864494,9,19,30
12650,2018,주,금,1,1,0,0,0,서울,송파구,차대사람,보도통행중,운전자법규위반,안전운전 의무 불이행,단일로,기타단일로,승용차,승용차,보행자,보행자,965139.0,1946555.0,127.1055086,37.51762701,1,7,18
12653,2018,야,화,1,1,0,0,0,서울,구로구,차대사람,보도통행중,운전자법규위반,보행자 보호의무 위반,교차로,교차로횡단보도내,승합차,승합차,보행자,보행자,945726.0,1944557.0,126.8859857,37.49868078,12,22,10
12655,2018,야,목,1,1,0,0,0,서울,양천구,차대차,측면충돌,운전자법규위반,안전운전 의무 불이행,교차로,교차로내,승용차,승용차,이륜차,이륜차,945233.0,1949387.0,126.88004840000002,37.54218497,5,1,37
12656,2018,야,화,1,1,0,0,0,서울,도봉구,차대사람,보도통행중,운전자법규위반,안전운전 의무 불이행,단일로,기타단일로,승합차,승합차,보행자,보행자,959755.0,1963419.0,127.04365700000001,37.66940705,6,19,20
13051,2018,야,목,1,1,0,0,0,서울,중구,차대차,측면충돌,운전자법규위반,안전운전 의무 불이행,교차로,교차로부근,이륜차,이륜차,이륜차,이륜차,956880.0,1951828.0,127.01174170000002,37.56480489,5,4,23
13054,2018,주,화,1,1,0,0,0,서울,종로구,차대사람,보도통행중,운전자법규위반,안전운전 의무 불이행,단일로,기타단일로,승합차,승합차,보행자,보행자,953238.0,1952341.0,126.9704712,37.56925089999999,11,7,28
13055,2018,주,월,1,3,0,2,0,서울,종로구,차대차,측면충돌,운전자법규위반,안전운전 의무 불이행,단일로,터널안,이륜차,이륜차,승용차,승용차,951441.0,1956827.0,126.94982549999999,37.6095907,9,6,25
13058,2018,주,월,1,1,0,0,0,서울,용산구,차대사람,보도통행중,운전자법규위반,신호위반,교차로,교차로횡단보도내,승용차,승용차,보행자,보행자,952998.0,1947943.0,126.9680354,37.52959862,5,10,15
13059,2018,야,일,1,1,0,0,0,서울,성북구,차대사람,보도통행중,운전자법규위반,안전운전 의무 불이행,단일로,기타단일로,승용차,승용차,보행자,보행자,956568.0,1954537.0,127.0080483,37.58920703,2,5,26
13060,2018,주,금,1,1,0,0,0,서울,강북구,차대사람,보도통행중,운전자법규위반,보행자 보호의무 위반,교차로,교차로내,건설기계,건설기계,보행자,보행자,957914.0,1959460.0,127.02301059999999,37.63364149,10,7,50
13061,2018,주,월,1,1,0,0,0,서울,강북구,차대사람,보도통행중,운전자법규위반,신호위반,단일로,기타단일로,승용차,승용차,보행자,보행자,958596.0,1959618.0,127.030731,37.63509656,3,6,5
13064,2018,주,토,1,1,0,0,0,서울,광진구,차대차,측면충돌,운전자법규위반,안전운전 의무 불이행,단일로,기타단일로,자전거,자전거,건설기계,건설기계,963435.5,1949696.2,127.0860756,37.54587389,12,17,25
13065,2018,야,일,1,3,2,0,0,서울,영등포구,차대차,측면충돌,운전자법규위반,중앙선 침범,단일로,기타단일로,승용차,승용차,승합차,승합차,948676.0,1947658.0,126.91914150000001,37.52679941,10,18,42
13067,2018,야,일,1,1,0,0,0,서울,영등포구,차대차,측면충돌,운전자법규위반,안전운전 의무 불이행,교차로,교차로내,자전거,자전거,승용차,승용차,948884.0,1947371.0,126.9215154,37.52422418,2,2,45
13068,2018,주,월,1,1,0,0,0,서울,금천구,차대사람,보도통행중,운전자법규위반,보행자 보호의무 위반,교차로,교차로횡단보도내,화물차,화물차,보행자,보행자,946953.0,1939692.0,126.90021680000001,37.45490286,7,15,50
13070,2018,야,화,1,1,0,0,0,서울,성동구,차대사람,보도통행중,운전자법규위반,보행자 보호의무 위반,교차로,교차로횡단보도내,화물차,화물차,보행자,보행자,959779.0,1949950.0,127.04466979999998,37.54800911,1,21,32
13074,2018,야,월,1,1,0,0,0,서울,강남구,차대사람,보도통행중,운전자법규위반,안전운전 의무 불이행,단일로,기타단일로,승용차,승용차,보행자,보행자,959710.0,1946601.0,127.04407250000001,37.51782046,10,5,20
13076,2018,야,일,1,1,0,0,0,서울,강동구,차대사람,보도통행중,운전자법규위반,보행자 보호의무 위반,단일로,기타단일로,승용차,승용차,보행자,보행자,967531.0,1948079.0,127.1325088,37.531450799999995,4,20,35
13079,2018,야,토,1,1,0,0,0,서울,구로구,차대사람,보도통행중,운전자법규위반,안전운전 의무 불이행,단일로,기타단일로,승합차,승합차,보행자,보행자,942229.0,1944896.0,126.84639890000001,37.50152396,2,20,30
13080,2018,주,월,1,1,0,0,0,서울,구로구,차대사람,보도통행중,운전자법규위반,안전운전 의무 불이행,교차로,교차로횡단보도내,승합차,승합차,보행자,보행자,947088.0,1942996.0,126.9015058,37.48469028,9,15,45
13082,2018,야,토,1,1,0,0,0,서울,구로구,차대사람,보도통행중,운전자법규위반,안전운전 의무 불이행,단일로,기타단일로,승용차,승용차,보행자,보행자,944428.0,1944194.0,126.8713293,37.49533178,4,21,50
13083,2018,야,금,1,1,0,0,0,서울,구로구,차대사람,보도통행중,운전자법규위반,안전운전 의무 불이행,단일로,기타단일로,승용차,승용차,보행자,보행자,946450.0,1944086.0,126.89421029999998,37.49447787,1,5,25
13084,2018,야,목,1,1,0,0,0,서울,서초구,차대사람,보도통행중,운전자법규위반,안전운전 의무 불이행,단일로,기타단일로,승용차,승용차,보행자,보행자,957743.0,1945029.0,127.02190470000001,37.50356347,5,1,45
13085,2018,주,목,1,1,0,0,0,서울,서초구,차대사람,보도통행중,운전자법규위반,과속,교차로,교차로부근,승용차,승용차,보행자,보행자,956197.0,1942704.0,127.0045523,37.48253537,1,6,55
13088,2018,주,금,1,1,0,0,0,서울,도봉구,차대사람,보도통행중,운전자법규위반,안전운전 의무 불이행,교차로,교차로부근,승합차,승합차,보행자,보행자,958282.0,1961163.0,127.02708390000002,37.64900766,10,14,10
13523,2018,야,금,1,1,0,0,0,서울,중구,차대차,측면충돌,운전자법규위반,안전운전 의무 불이행,교차로,교차로내,승용차,승용차,이륜차,이륜차,956058.0,1951817.0,127.00243490000001,37.56466688,3,18,0
13524,2018,주,일,1,1,0,0,0,서울,종로구,차대차,측면충돌,운전자법규위반,신호위반,교차로,교차로내,화물차,화물차,승용차,승용차,952290.0,1955864.0,126.9595071,37.60095554,6,12,16
13527,2018,야,토,1,1,0,0,0,서울,용산구,차대사람,보도통행중,운전자법규위반,안전운전 의무 불이행,단일로,기타단일로,승용차,승용차,보행자,보행자,954826.0,1948409.0,126.98869509999999,37.53389018,1,5,14
13528,2018,야,토,1,2,1,0,0,서울,성북구,차대사람,보도통행중,운전자법규위반,안전운전 의무 불이행,단일로,기타단일로,이륜차,이륜차,보행자,보행자,956571.0,1954348.0,127.0080935,37.58750368,8,21,42
13529,2018,야,수,1,2,0,1,0,서울,성북구,차대사람,보도통행중,운전자법규위반,안전운전 의무 불이행,단일로,기타단일로,승용차,승용차,보행자,보행자,956650.0,1954575.0,127.00897479999999,37.5895534,8,23,10
13530,2018,야,일,1,4,2,1,0,서울,강북구,차대차,측면충돌,운전자법규위반,신호위반,교차로,교차로내,승용차,승용차,승용차,승용차,958822.0,1956920.0,127.0334443,37.61078916,2,4,0
13531,2018,야,월,1,1,0,0,0,서울,강북구,차대사람,보도통행중,운전자법규위반,신호위반,교차로,교차로내,승합차,승합차,보행자,보행자,958126.0,1959606.0,127.02540490000001,37.634967100000004,7,1,13
13533,2018,주,일,1,1,0,0,0,서울,동대문구,차대사람,보도통행중,운전자법규위반,보행자 보호의무 위반,교차로,교차로횡단보도내,승용차,승용차,보행자,보행자,960800.0,1954594.0,127.05597949999999,37.58991084,10,6,45
13534,2018,야,화,1,1,0,0,0,서울,마포구,차대차,측면충돌,운전자법규위반,안전운전 의무 불이행,단일로,기타단일로,자전거,자전거,승용차,승용차,951991.0,1950582.0,126.95646609999999,37.55333256,5,20,50
13537,2018,야,목,1,1,0,0,0,서울,영등포구,차대차,측면충돌,운전자법규위반,안전운전 의무 불이행,교차로,교차로부근,자전거,자전거,승용차,승용차,947702.0,1944239.0,126.9083621,37.49592866,8,23,50
13539,2018,주,월,1,1,0,0,0,서울,영등포구,차대사람,보도통행중,운전자법규위반,신호위반,단일로,기타단일로,승용차,승용차,보행자,보행자,949119.0,1947547.0,126.92416259999999,37.5258235,2,14,35
13541,2018,주,목,1,1,0,0,0,서울,성동구,차대사람,보도통행중,운전자법규위반,안전운전 의무 불이행,단일로,기타단일로,승용차,승용차,보행자,보행자,959059.0,1951275.0,127.0364451,37.55992001,1,17,34
13542,2018,주,금,1,1,0,0,0,서울,동작구,차대사람,보도통행중,운전자법규위반,신호위반,단일로,기타단일로,승용차,승용차,보행자,보행자,950377.0,1946178.0,126.93849170000001,37.51355298,4,14,55
13544,2018,야,토,1,1,0,0,0,서울,관악구,차대사람,보도통행중,운전자법규위반,안전운전 의무 불이행,교차로,교차로횡단보도내,이륜차,이륜차,보행자,보행자,949919.0,1941788.0,126.93360829999999,37.47396013,3,1,40
13546,2018,야,월,1,1,0,0,0,서울,강서구,차대사람,보도통행중,운전자법규위반,안전운전 의무 불이행,교차로,교차로부근,화물차,화물차,보행자,보행자,939299.0,1952541.0,126.8126199,37.570240000000005,8,18,35
13551,2018,주,일,1,1,0,0,0,서울,송파구,차대사람,보도통행중,운전자법규위반,안전운전 의무 불이행,단일로,기타단일로,승용차,승용차,보행자,보행자,962630.0,1944913.0,127.07720060000001,37.50272876,11,17,15
13552,2018,주,토,1,1,0,0,0,서울,송파구,차대차,측면충돌,운전자법규위반,안전운전 의무 불이행,교차로,교차로횡단보도내,화물차,화물차,자전거,자전거,964997.0,1945508.0,127.10395159999999,37.50818457,2,12,4
13556,2018,야,목,1,5,1,3,0,서울,서초구,차대차,측면충돌,운전자법규위반,신호위반,교차로,교차로내,승용차,승용차,승합차,승합차,956965.0,1945592.0,127.01306969999999,37.50860203,11,23,25
13557,2018,야,수,1,1,0,0,0,서울,양천구,차대사람,보도통행중,운전자법규위반,신호위반,교차로,교차로횡단보도내,승용차,승용차,보행자,보행자,941612.0,1946667.0,126.8392781,37.51744725,11,4,28
13559,2018,주,월,1,1,0,0,0,서울,노원구,차대사람,보도통행중,운전자법규위반,기타(운전자법규위반),단일로,기타단일로,승용차,승용차,보행자,보행자,961344.0,1961159.0,127.06179409999999,37.64910564,10,12,41
13563,2018,주,화,1,1,0,0,0,서울,은평구,차대사람,보도통행중,운전자법규위반,안전운전 의무 불이행,교차로,교차로내,승용차,승용차,보행자,보행자,948558.0,1958412.0,126.917051,37.62371954,2,11,30
13976,2018,주,수,1,1,0,0,0,서울,은평구,차대사람,보도통행중,운전자법규위반,안전운전 의무 불이행,단일로,기타단일로,화물차,화물차,보행자,보행자,950125.0,1956036.0,126.9349697,37.60239092,8,11,20
13978,2018,주,화,1,1,0,0,0,서울,강북구,차대사람,보도통행중,운전자법규위반,안전운전 의무 불이행,단일로,기타단일로,승용차,승용차,보행자,보행자,957010.0,1958945.0,127.0127956,37.62895786,10,6,17
13983,2018,야,토,1,1,0,0,0,서울,금천구,차대사람,보도통행중,운전자법규위반,안전운전 의무 불이행,단일로,기타단일로,화물차,화물차,보행자,보행자,947008.0,1939510.0,126.9008518,37.45326561,4,19,58
13987,2018,야,토,1,1,0,0,0,서울,강서구,차대차,측면충돌,운전자법규위반,안전운전 의무 불이행,단일로,기타단일로,화물차,화물차,자전거,자전거,940319.0,1952842.0,126.8241451,37.57301958,12,5,17
13990,2018,야,화,1,1,0,0,0,서울,강동구,차대사람,보도통행중,운전자법규위반,보행자 보호의무 위반,교차로,교차로내,승용차,승용차,보행자,보행자,970944.0,1951153.0,127.17101559999999,37.55927202,3,4,26
13992,2018,주,금,1,1,0,0,0,서울,송파구,차대사람,보도통행중,운전자법규위반,안전운전 의무 불이행,단일로,기타단일로,승용차,승용차,보행자,보행자,966539.0,1944852.0,127.1214284,37.50232894,7,16,21
13994,2018,주,금,1,1,0,0,0,서울,송파구,차대차,측면충돌,운전자법규위반,안전운전 의무 불이행,단일로,기타단일로,승용차,승용차,승용차,승용차,965204.0,1946065.0,127.1062673,37.51321288,4,16,50
13995,2018,야,토,1,1,0,0,0,서울,송파구,차대사람,보도통행중,운전자법규위반,신호위반,단일로,기타단일로,승용차,승용차,보행자,보행자,965793.0,1944290.0,127.1130146,37.49723603,10,21,12
13996,2018,주,목,1,1,0,0,0,서울,성북구,차대차,측면충돌,운전자법규위반,신호위반,교차로,교차로내,승용차,승용차,이륜차,이륜차,958721.0,1956113.0,127.0323456,37.60351098,10,10,40
14000,2018,주,화,1,1,0,0,0,서울,구로구,차대차,측면충돌,운전자법규위반,신호위반,교차로,교차로내,승용차,승용차,자전거,자전거,946176.0,1942533.0,126.8912244,37.48046447,8,6,20
14001,2018,야,토,1,1,0,0,0,서울,서초구,차대사람,보도통행중,운전자법규위반,안전운전 의무 불이행,단일로,기타단일로,승용차,승용차,보행자,보행자,956552.0,1943581.0,127.00851570000002,37.49045686,3,3,47
14003,2018,주,수,1,1,0,0,0,서울,노원구,차대차,측면충돌,운전자법규위반,직진 및 우회전차의 통행방해,교차로,교차로내,이륜차,이륜차,승용차,승용차,963839.0,1958244.0,127.0902211,37.62293375,11,14,30
14005,2018,야,화,1,2,1,0,0,서울,은평구,차대차,측면충돌,운전자법규위반,신호위반,교차로,교차로내,원동기장치자전거,원동기장치자전거,승용차,승용차,948085.0,1957300.0,126.91177009999998,37.61367048,3,2,0
14007,2018,야,금,1,1,0,0,0,서울,서초구,차대사람,보도통행중,운전자법규위반,안전운전 의무 불이행,불명,불명,승용차,승용차,보행자,보행자,955814.0,1942162.0,127.0002529,37.47763189,9,18,55
14413,2018,야,수,1,2,0,0,1,서울,중구,차대사람,보도통행중,운전자법규위반,기타(운전자법규위반),단일로,기타단일로,승용차,승용차,보행자,보행자,956090.0,1951798.0,127.00279840000002,37.56449716,1,18,30
14418,2018,야,토,1,1,0,0,0,서울,동대문구,차대사람,보도통행중,운전자법규위반,안전운전 의무 불이행,교차로,교차로횡단보도내,승용차,승용차,보행자,보행자,960672.0,1951888.0,127.054675,37.56551545,2,5,45
14419,2018,주,수,1,1,0,0,0,서울,동대문구,차대사람,보도통행중,운전자법규위반,안전운전 의무 불이행,교차로,교차로횡단보도내,화물차,화물차,보행자,보행자,962041.0,1953347.0,127.0701006,37.57872331,3,15,20
14420,2018,주,목,1,1,0,0,0,서울,광진구,차대사람,보도통행중,운전자법규위반,안전운전 의무 불이행,교차로,교차로횡단보도내,승합차,승합차,보행자,보행자,964208.0,1948640.0,127.0948719,37.53638429,12,12,54
14421,2018,주,화,1,1,0,0,0,서울,마포구,차대사람,보도통행중,운전자법규위반,신호위반,단일로,기타단일로,건설기계,건설기계,보행자,보행자,951870.0,1951044.0,126.9550659,37.55749033,10,10,10
14422,2018,주,일,1,1,0,0,0,서울,마포구,차대사람,보도통행중,운전자법규위반,안전운전 의무 불이행,단일로,기타단일로,승합차,승합차,보행자,보행자,950602.0,1950921.0,126.94071840000001,37.55631458,2,9,0
14423,2018,주,목,1,1,0,0,0,서울,영등포구,차대사람,보도통행중,운전자법규위반,안전운전 의무 불이행,단일로,기타단일로,화물차,화물차,보행자,보행자,946256.0,1945919.0,126.8918818,37.5109877,11,15,40
14424,2018,주,금,1,1,0,0,0,서울,영등포구,차대차,측면충돌,운전자법규위반,안전운전 의무 불이행,단일로,기타단일로,건설기계,건설기계,자전거,자전거,947506.0,1946469.0,126.9059857,37.51601691,7,11,19
14425,2018,주,수,1,1,0,0,0,서울,영등포구,차대사람,보도통행중,운전자법규위반,신호위반,교차로,교차로부근,화물차,화물차,보행자,보행자,949967.0,1946752.0,126.9338134,37.51870441,8,9,25
14426,2018,주,월,1,3,2,0,0,서울,영등포구,차대사람,보도통행중,운전자법규위반,기타(운전자법규위반),단일로,기타단일로,승용차,승용차,보행자,보행자,947447.0,1947089.0,126.9052737,37.521601700000005,9,6,10
14427,2018,야,일,1,1,0,0,0,서울,영등포구,차대차,측면충돌,운전자법규위반,안전운전 의무 불이행,교차로,교차로내,자전거,자전거,승용차,승용차,947126.0,1944265.0,126.90184440000002,37.49613019,6,22,37
14431,2018,야,월,1,1,0,0,0,서울,성동구,차대사람,보도통행중,운전자법규위반,안전운전 의무 불이행,기타,기타,승용차,승용차,보행자,보행자,958632.0,1951659.0,127.0315889,37.56336202,1,19,35
14434,2018,야,화,1,1,0,0,0,서울,강남구,차대차,측면충돌,운전자법규위반,신호위반,교차로,교차로내,승용차,승용차,승용차,승용차,958528.0,1946177.0,127.0307211,37.51394641,2,3,26
14435,2018,주,수,1,1,0,0,0,서울,강서구,차대차,측면충돌,운전자법규위반,안전거리 미확보,단일로,기타단일로,자전거,자전거,승용차,승용차,944606.0,1950281.0,126.8728838,37.55020516,5,16,55
14436,2018,주,목,1,2,1,0,0,서울,강동구,차대사람,보도통행중,운전자법규위반,안전운전 의무 불이행,단일로,기타단일로,승용차,승용차,보행자,보행자,966878.0,1949043.0,127.1250747,37.540116499999996,3,12,5
14439,2018,주,목,1,1,0,0,0,서울,성북구,차대사람,보도통행중,운전자법규위반,보행자 보호의무 위반,교차로,교차로횡단보도내,건설기계,건설기계,보행자,보행자,960194.0,1957235.0,127.04897179999999,37.61368876,9,14,8
14440,2018,야,월,1,2,0,1,0,서울,서초구,차대차,측면충돌,운전자법규위반,중앙선 침범,단일로,기타단일로,승용차,승용차,승용차,승용차,957817.0,1944239.0,127.0227872,37.49644631,9,5,32
14866,2018,야,금,1,1,0,0,0,서울,서대문구,차대사람,보도통행중,운전자법규위반,안전운전 의무 불이행,단일로,기타단일로,승용차,승용차,보행자,보행자,948336.0,1952410.0,126.9149591,37.56961078,5,23,43
14867,2018,야,토,1,1,0,0,0,서울,용산구,차대사람,보도통행중,운전자법규위반,보행자 보호의무 위반,단일로,기타단일로,승용차,승용차,보행자,보행자,955810.0,1948639.0,126.9998183,37.53601092,8,0,40
14868,2018,야,수,1,1,0,0,0,서울,성북구,차대사람,보도통행중,운전자법규위반,신호위반,교차로,교차로내,화물차,화물차,보행자,보행자,956678.0,1957451.0,127.0091217,37.61547662,10,20,20
14869,2018,야,일,1,1,0,0,0,서울,강북구,차대사람,보도통행중,운전자법규위반,보행자 보호의무 위반,교차로,교차로내,승합차,승합차,보행자,보행자,957079.0,1959504.0,127.0135447,37.63399943,7,20,45
14870,2018,주,월,1,1,0,0,0,서울,동대문구,차대차,측면충돌,운전자법규위반,교차로 통행방법 위반,교차로,교차로내,화물차,화물차,자전거,자전거,961933.0,1954537.0,127.06881570000002,37.58944466,3,17,10
14879,2018,야,일,1,1,0,0,0,서울,영등포구,차대사람,보도통행중,운전자법규위반,과속,단일로,기타단일로,승용차,승용차,보행자,보행자,948462.0,1946568.0,126.91679620000001,37.51696312,1,21,51
14881,2018,야,일,1,1,0,0,0,서울,관악구,차대사람,보도통행중,운전자법규위반,신호위반,교차로,교차로내,이륜차,이륜차,보행자,보행자,947823.0,1942588.0,126.909848,37.48105471,8,4,0
14882,2018,야,목,1,1,0,0,0,서울,금천구,차대사람,보도통행중,운전자법규위반,신호위반,교차로,교차로횡단보도내,승용차,승용차,보행자,보행자,946765.0,1941301.0,126.897975,37.46939434,11,22,35
14884,2018,야,토,1,2,0,1,0,서울,중랑구,차대사람,보도통행중,운전자법규위반,과속,교차로,교차로횡단보도내,승용차,승용차,보행자,보행자,962906.0,1952859.0,127.07992150000001,37.57436009,3,4,50
14885,2018,주,금,1,2,0,1,0,서울,중랑구,차대차,측면충돌,운전자법규위반,신호위반,교차로,교차로내,이륜차,이륜차,승용차,승용차,964432.0,1955676.0,127.09706580000001,37.59981081,11,12,30
14886,2018,주,월,1,1,0,0,0,서울,중랑구,차대사람,보도통행중,운전자법규위반,중앙선 침범,단일로,기타단일로,화물차,화물차,보행자,보행자,964105.0,1954840.0,127.0934024,37.592263,8,15,23
14887,2018,야,목,1,1,0,0,0,서울,중랑구,차대사람,보도통행중,운전자법규위반,보행자 보호의무 위반,단일로,기타단일로,특수차,특수차,보행자,보행자,964088.0,1956382.0,127.0931342,37.60616082,3,18,55
14888,2018,주,일,1,1,0,0,0,서울,강남구,차대차,측면충돌,운전자법규위반,안전운전 의무 불이행,단일로,기타단일로,승합차,승합차,자전거,자전거,958821.0,1948046.0,127.03393170000001,37.53080546,9,12,16
14891,2018,주,토,1,1,0,0,0,서울,송파구,차대사람,보도통행중,운전자법규위반,신호위반,단일로,기타단일로,승용차,승용차,보행자,보행자,966388.6,1946238.3,127.11966340000001,37.51481883,1,6,53
14892,2018,주,토,1,3,0,2,0,서울,송파구,차대차,측면충돌,운전자법규위반,신호위반,교차로,교차로부근,승용차,승용차,승합차,승합차,964926.0,1945678.0,127.10314009999999,37.50971415,7,9,23
14894,2018,야,수,1,1,0,0,0,서울,구로구,차대사람,보도통행중,운전자법규위반,안전운전 의무 불이행,교차로,교차로내,승합차,승합차,보행자,보행자,941837.0,1944718.0,126.84197830000001,37.49989502,1,20,27
14895,2018,주,금,1,2,1,0,0,서울,구로구,차대사람,보도통행중,운전자법규위반,보행자 보호의무 위반,교차로,교차로횡단보도내,건설기계,건설기계,보행자,보행자,946296.0,1942580.0,126.89257820000002,37.48089507,1,11,5
14898,2018,야,금,1,1,0,0,0,서울,노원구,차대사람,보도통행중,운전자법규위반,안전운전 의무 불이행,단일로,기타단일로,승용차,승용차,보행자,보행자,960789.0,1964243.0,127.05533700000001,37.67687864,1,1,22
14900,2018,야,수,1,2,0,0,1,서울,노원구,차대사람,보도통행중,운전자법규위반,안전운전 의무 불이행,단일로,지하차도(도로)내,승용차,승용차,보행자,보행자,961985.0,1959488.0,127.0691473,37.63407136,6,1,43
14901,2018,주,화,1,1,0,0,0,서울,노원구,차대차,측면충돌,운전자법규위반,안전거리 미확보,단일로,지하차도(도로)내,자전거,자전거,건설기계,건설기계,961887.0,1962117.0,127.0678994,37.65776297,2,10,30
15337,2018,야,목,1,1,0,0,0,서울,중구,차대사람,보도통행중,운전자법규위반,안전운전 의무 불이행,단일로,기타단일로,승합차,승합차,보행자,보행자,953428.0,1950841.0,126.972718,37.55574075,2,18,30
15340,2018,주,화,1,1,0,0,0,서울,성북구,차대차,측면충돌,운전자법규위반,안전운전 의무 불이행,교차로,교차로내,승용차,승용차,이륜차,이륜차,957808.0,1953542.0,127.0221506,37.58029657,6,14,43
15343,2018,야,수,1,1,0,0,0,서울,동대문구,차대사람,보도통행중,운전자법규위반,안전운전 의무 불이행,교차로,교차로횡단보도내,승용차,승용차,보행자,보행자,959825.0,1953487.0,127.0449967,37.57989111,3,3,35
15345,2018,야,월,1,1,0,0,0,서울,마포구,차대차,측면충돌,운전자법규위반,중앙선 침범,교차로,교차로부근,승용차,승용차,이륜차,이륜차,948802.0,1949988.0,126.92040490000001,37.54780705,5,3,30
15347,2018,야,목,1,1,0,0,0,서울,영등포구,차대사람,보도통행중,운전자법규위반,과속,단일로,기타단일로,화물차,화물차,보행자,보행자,946973.0,1945371.0,126.9000338,37.50608998,3,23,40
15350,2018,주,목,1,1,0,0,0,서울,성동구,차대사람,보도통행중,운전자법규위반,보행자 보호의무 위반,교차로,교차로내,화물차,화물차,보행자,보행자,960632.0,1948791.0,127.05438829999999,37.53759951,9,8,45
15352,2018,주,금,1,1,0,0,0,서울,강남구,차대사람,보도통행중,운전자법규위반,안전운전 의무 불이행,단일로,기타단일로,화물차,화물차,보행자,보행자,959992.0,1945399.0,127.047329,37.50699867,12,6,20
15353,2018,야,일,1,1,0,0,0,서울,강남구,차대사람,보도통행중,운전자법규위반,신호위반,단일로,기타단일로,승용차,승용차,보행자,보행자,960781.0,1947051.0,127.05616770000002,37.52192263,12,22,9
15354,2018,야,화,1,1,0,0,0,서울,강남구,차대사람,보도통행중,운전자법규위반,안전운전 의무 불이행,단일로,기타단일로,승용차,승용차,보행자,보행자,959059.0,1945762.0,127.03675259999999,37.51022959,3,4,23
15358,2018,주,수,1,1,0,0,0,서울,송파구,차대차,측면충돌,운전자법규위반,안전거리 미확보,단일로,기타단일로,건설기계,건설기계,이륜차,이륜차,968808.0,1943785.0,127.1471442,37.49279102,5,11,30
15359,2018,야,월,1,2,1,0,0,서울,송파구,차대차,측면충돌,운전자법규위반,신호위반,교차로,교차로내,승용차,승용차,원동기장치자전거,원동기장치자전거,967129.0,1945906.0,127.12805619999999,37.51185034,7,4,10
15361,2018,주,월,1,1,0,0,0,서울,성북구,차대사람,보도통행중,운전자법규위반,안전운전 의무 불이행,교차로,교차로내,승합차,승합차,보행자,보행자,960042.0,1956595.0,127.04728459999998,37.60791371,6,9,25
15364,2018,야,화,1,1,0,0,0,서울,노원구,차대사람,보도통행중,운전자법규위반,안전운전 의무 불이행,기타,기타,승용차,승용차,보행자,보행자,962415.0,1958597.0,127.0740665,37.62605828,8,4,20
15365,2018,야,목,1,1,0,0,0,서울,노원구,차대사람,보도통행중,운전자법규위반,안전운전 의무 불이행,단일로,기타단일로,승용차,승용차,보행자,보행자,962250.0,1958729.0,127.0721899,37.62724126,7,2,25
15367,2018,야,수,1,1,0,0,0,서울,노원구,차대사람,보도통행중,운전자법규위반,안전운전 의무 불이행,교차로,교차로내,승용차,승용차,보행자,보행자,962790.0,1963101.0,127.0780865,37.66666899,4,4,2
15369,2018,주,월,1,1,0,0,0,서울,강남구,차대사람,보도통행중,운전자법규위반,기타(운전자법규위반),단일로,기타단일로,화물차,화물차,보행자,보행자,962385.0,1943233.0,127.07451470000001,37.48757625,8,16,30
15795,2018,야,금,1,1,0,0,0,서울,서대문구,차대사람,보도통행중,운전자법규위반,안전운전 의무 불이행,단일로,기타단일로,승용차,승용차,보행자,보행자,951633.0,1955275.0,126.9521033,37.5956125,4,21,33
15797,2018,주,수,2,2,0,0,0,서울,용산구,차대사람,보도통행중,운전자법규위반,안전운전 의무 불이행,단일로,기타단일로,화물차,화물차,보행자,보행자,952818.0,1948859.0,126.96593940000001,37.53784554,1,6,5
15801,2018,주,금,1,1,0,0,0,서울,동대문구,차대차,측면충돌,운전자법규위반,서행 및 일시정지위반,교차로,교차로내,승용차,승용차,이륜차,이륜차,960377.0,1953845.0,127.05122879999999,37.58314179,4,12,57
15802,2018,야,금,1,1,0,0,0,서울,동대문구,차대차,측면충돌,운전자법규위반,중앙선 침범,단일로,기타단일로,화물차,화물차,이륜차,이륜차,959504.0,1953394.0,127.04136640000002,37.5790388,6,23,35
15803,2018,주,수,1,1,0,0,0,서울,광진구,차대차,측면충돌,운전자법규위반,안전운전 의무 불이행,단일로,교량위,자전거,자전거,승용차,승용차,964133.0,1946935.0,127.0941063,37.52101353,11,12,27
15807,2018,야,화,1,2,0,1,0,서울,동작구,차대사람,보도통행중,운전자법규위반,안전운전 의무 불이행,단일로,기타단일로,승합차,승합차,보행자,보행자,954058.0,1944863.0,126.9802245,37.50189118,6,23,10
15808,2018,주,목,1,1,0,0,0,서울,동작구,차대사람,보도통행중,운전자법규위반,안전운전 의무 불이행,단일로,기타단일로,승합차,승합차,보행자,보행자,952743.0,1945157.0,126.96532859999998,37.50447468,5,17,6
15810,2018,야,수,1,1,0,0,0,서울,관악구,차대사람,보도통행중,운전자법규위반,보행자 보호의무 위반,교차로,교차로횡단보도내,승합차,승합차,보행자,보행자,948172.0,1942190.0,126.91382320000001,37.47748709,3,20,27
15811,2018,야,토,1,1,0,0,0,서울,관악구,차대사람,보도통행중,운전자법규위반,안전운전 의무 불이행,단일로,기타단일로,승용차,승용차,보행자,보행자,951350.0,1942723.0,126.9497297,37.48246402,1,18,10
15813,2018,야,금,1,1,0,0,0,서울,강남구,차대사람,보도통행중,운전자법규위반,안전운전 의무 불이행,교차로,교차로부근,승용차,승용차,보행자,보행자,958084.0,1946742.0,127.0256649,37.51901888,4,1,55
15815,2018,주,화,1,1,0,0,0,서울,강서구,차대사람,보도통행중,운전자법규위반,안전운전 의무 불이행,교차로,교차로내,특수차,특수차,보행자,보행자,942636.0,1950482.0,126.850567,37.55189622,12,7,30
15816,2018,주,화,1,3,1,1,0,서울,강서구,차대차,측면충돌,운전자법규위반,신호위반,교차로,교차로내,이륜차,이륜차,승합차,승합차,940552.0,1951382.0,126.826902,37.55987576,8,16,50
15820,2018,주,월,1,9,4,4,0,서울,송파구,차대차,측면충돌,운전자법규위반,신호위반,교차로,교차로내,승용차,승용차,승합차,승합차,962028.0,1945772.0,127.07034540000001,37.51044669,1,6,0
15825,2018,야,금,1,1,0,0,0,서울,서초구,차대사람,보도통행중,운전자법규위반,과속,단일로,기타단일로,승용차,승용차,보행자,보행자,956540.0,1942240.0,127.00845919999999,37.47836938,9,4,0
15827,2018,야,목,1,1,0,0,0,서울,서초구,차대사람,보도통행중,운전자법규위반,안전운전 의무 불이행,단일로,기타단일로,화물차,화물차,보행자,보행자,956408.0,1944087.0,127.00685690000002,37.49501082,4,22,38
15828,2018,야,화,1,1,0,0,0,서울,서초구,차대차,측면충돌,운전자법규위반,신호위반,교차로,교차로내,이륜차,이륜차,승합차,승합차,956987.0,1945601.0,127.01331809999999,37.50868417,5,19,23
15830,2018,주,화,1,1,0,0,0,서울,양천구,차대사람,보도통행중,운전자법규위반,보행자 보호의무 위반,교차로,교차로횡단보도내,건설기계,건설기계,보행자,보행자,942056.0,1946964.0,126.8442787,37.52015212,11,15,13
15831,2018,야,월,1,1,0,0,0,서울,양천구,차대사람,보도통행중,운전자법규위반,안전운전 의무 불이행,단일로,기타단일로,승용차,승용차,보행자,보행자,942712.0,1947237.0,126.85168059999998,37.52265367,3,5,25
15833,2018,주,월,1,2,0,1,0,서울,노원구,차대차,측면충돌,운전자법규위반,교차로 통행방법 위반,교차로,교차로내,건설기계,건설기계,승용차,승용차,960903.0,1958935.0,127.05691409999999,37.62904165,1,11,55
